Date,^GSPC,^^GSPC,0,10,20,30,40
2014-01-03,-0.0003330203,-0.0003330203,0.0017095897,-0.0014968663,-0.0007079872,0.0008873185,0.0015155403
2014-01-06,-0.0025149269,-0.0025149269,-0.0027383668,-0.0061704107,-0.0058474941,-0.0036491361,-0.0034592107
2014-01-07,0.0060633452,0.0060633452,0.0018504001,0.0040187985,0.0042027831,0.005004257,0.0060537709
2014-01-08,-0.0002122317,-0.0002122317,-0.0031411177,-0.0019944534,-0.0008310331,-2.51680612564E-05,0.0014649727
2014-01-09,0.0003482487,0.0003482487,0.0045058606,0.0028285645,0.0030636666,0.0048539061,0.0026046978
2014-01-10,0.0023040304,0.0023040304,-0.0009784386,0.0022080578,0.0041187871,0.002033757,0.0052602943
2014-01-13,-0.0126559665,-0.0126559665,-0.0060728965,-0.0069121085,-0.0058474941,-0.0092736296,-0.0062918426
2014-01-14,0.0107598763,0.0107598763,0.0095271766,0.0102822836,0.0100747487,0.0094395,0.0122245438
2014-01-15,0.0051528891,0.0051528891,0.0015579308,-0.0001424272,0.0004163263,0.0017177882,0.002031981
2014-01-16,-0.0013480284,-0.0013480284,7.33844935894E-05,0.0010237526,-0.0058474941,-0.0033537708,-0.0008149259
2014-01-17,-0.0039027806,-0.0039027806,-0.0018451344,-0.0027557388,-0.0058474941,-0.0016789977,-0.0018411963
2014-01-21,0.0027699124,0.0027699124,-0.0003090389,-1.86637043953E-06,0.0020513684,0.0017357357,0.0025789924
2014-01-22,0.0005746998,0.0005746998,0.0002390067,-0.0004423186,0.0008285632,0.0005456358,0.0005977377
2014-01-23,-0.0089293245,-0.0089293245,-0.0060728965,-0.007229954,-0.0058474946,-0.0091161691,-0.0062918426
2014-01-24,-0.0210964215,0.02,-0.0060728979,-0.0065770373,-0.0058474937,-0.0052058995,-0.0062918426
2014-01-27,-0.0048882216,-0.0048882216,0.0009365976,-0.0019462146,-0.0042667789,-0.0031264145,-0.0029884172
2014-01-28,0.0061218754,0.0061218754,0.007565124,0.0091029927,0.0088042514,0.0082653482,0.0105736908
2014-01-29,-0.010261704,-0.010261704,-0.0060728965,-0.0077980608,-0.0058474937,-0.0083818287,-0.0062918426
2014-01-30,0.0112040442,0.0112040442,0.0098853586,0.0115826922,0.0096818311,0.0131292865,0.0135290977
2014-01-31,-0.0064862899,-0.0064862899,-0.0060728965,-0.007150095,-0.0028036395,-0.0022410266,-0.0044711996
2014-02-03,-0.0230966046,0.02,-0.0060728947,-0.0091325939,-0.0058474937,-0.0052058995,-0.0062918426
2014-02-04,0.0076120434,0.0076120434,0.0052992133,0.0061027668,0.0061978158,0.0079014245,0.0075723389
2014-02-05,-0.0020302821,-0.0020302821,0.0010237098,-0.000606887,-0.0009583589,-0.0002707504,0.0010213749
2014-02-06,0.0123630544,0.0123630544,0.0025886437,0.004781764,0.0077187829,0.0095730377,0.0096439198
2014-02-07,0.0132141936,0.0132141936,0.0195992664,0.0174492691,0.0172941685,0.0155901965,0.0143635795
2014-02-10,0.0015680046,0.0015680046,0.0022577746,0.0047233384,0.0053064153,0.0017054463,0.0036145393
2014-02-11,0.0110013758,0.0110013758,0.0129983248,0.0133424019,0.0131655866,0.0104269125,0.0094642397
2014-02-12,-0.0002692985,-0.0002692985,-0.0013159467,-0.0034738202,-0.0025052424,-0.0016003959,0.0008320468
2014-02-13,0.0057932118,0.0057932118,0.004522956,0.0046183411,0.0060472302,0.0031616148,0.0053152116
2014-02-14,0.0047976895,0.0047976895,0.0055601373,0.003630694,0.0045052813,0.0023869826,0.0048765838
2014-02-18,0.0011578035,0.0011578035,-0.0022377314,0.0016420446,0.0012100977,0.0026187571,0.0018395772
2014-02-19,-0.0065458619,-0.0065458619,-0.0055987923,-0.0071594045,-0.0058474946,-0.0058187563,-0.0060946108
2014-02-20,0.0060133417,0.0060133417,0.0055803927,0.0055378564,0.0059965113,0.0067856079,0.0089599732
2014-02-21,-0.0019205665,-0.0019205665,-0.0002415846,-0.0016391929,-0.0011468972,0.0002152426,0.0005436125
2014-02-24,0.0061674554,0.0061674554,0.0033474062,0.0036447067,0.0041427417,0.004212697,0.0072943754
2014-02-25,-0.0013485906,-0.0013485906,-0.0013177646,-0.0017618276,0.0002970099,-0.0003322493,0.000638308
2014-02-26,2.16997082534E-05,2.16997082534E-05,-0.0034312892,-0.0040968377,-0.001561265,-0.0020510312,0.0019264817
2014-02-27,0.0049358815,0.0049358815,0.0034194505,0.0044851229,0.001812418,0.0026460961,0.0050022267
2014-02-28,0.0027788242,0.0027788242,0.0107595632,0.0047073085,0.0072713187,0.0041413112,0.0064782742
2014-03-03,-0.0074058664,-0.0074058664,-0.0060728965,-0.0066704899,-0.0057886573,-0.0037606675,-0.0058710934
2014-03-04,0.0151523228,0.0151523228,0.0148065193,0.0138844149,0.0141759766,0.0155901955,0.0156614687
2014-03-05,-5.33524369706E-05,-5.33524369706E-05,1.13095156848E-05,-5.12525439262E-05,-0.0011702836,-0.0027097873,-0.0018640147
2014-03-06,0.0017169331,0.0017169331,0.0031593451,-0.000447074,-0.0007085484,-0.0008296166,-0.0008162148
2014-03-07,0.0005379447,0.0005379447,0.0012367987,-0.0036601629,-0.0031043305,-0.0007895213,-0.0011078403
2014-03-10,-0.0004633536,-0.0004633536,0.0012280233,-0.0015132539,-0.0015469212,-0.0003818683,0.0017508492
2014-03-11,-0.0050950969,-0.0050950969,-0.0005684891,-0.0019071233,-0.0051710354,-0.003608929,-0.0027446162
2014-03-12,0.0003051242,0.0003051242,-0.0043722866,-0.0023147035,-0.0011619064,-0.0040033814,0.0011343029
2014-03-13,-0.0117700915,-0.0117700915,-0.0020538964,-0.0040406119,-0.0058474941,-0.0092000701,-0.0062918426
2014-03-14,-0.0028257665,-0.0028257665,-0.0020519667,0.0007996522,0.0021338724,-0.0007696878,0.0015580831
2014-03-17,0.0095677176,0.0095677176,0.011537767,0.0083905365,0.0094228815,0.0114859687,0.0092221107
2014-03-18,0.0071936823,0.0071936823,0.0037953677,0.0042821243,0.0042431457,0.0047483305,0.0078273779
2014-03-19,-0.0061505248,-0.0061505248,-0.0060728951,-0.0021142233,-0.0058474946,-0.0049404725,-0.0062918426
2014-03-20,0.006022334,0.006022334,0.0022378499,0.001746919,0.0006416282,0.0029646838,0.0052554123
2014-03-21,-0.00293698,-0.00293698,0.0023320951,-0.0001867935,-0.0012501269,-0.0006414652,-0.0019240663
2014-03-24,-0.0048765814,-0.0048765814,-0.0060728965,-0.0056660976,-0.0058474946,-0.0052866861,-0.0062918426
2014-03-25,0.004394271,0.004394271,0.0025765644,0.0007244758,0.0020566704,0.0014216565,0.0040531168
2014-03-26,-0.0070249367,-0.0070249367,-0.0029818718,-0.0059092734,-0.0058474946,-0.0052058995,-0.0062918426
2014-03-27,-0.0019018916,-0.0019018916,-0.0018630382,-0.001194112,-0.0004730849,-0.0003020316,-0.0005985908
2014-03-28,0.0046294892,0.0046294892,0.0016359924,-0.0006960724,-0.000872625,0.0018252861,0.0038019717
2014-03-31,0.0078928715,0.0078928715,0.011645996,0.0131326681,0.0124883866,0.0155901955,0.0129011124
2014-04-01,0.0070146882,0.0070146882,0.000587903,0.0007013511,0.0031287717,0.0024634786,0.0029633641
2014-04-02,0.0028492634,0.0028492634,0.0028052097,0.0014952365,0.0010981471,0.0020312853,0.0026016999
2014-04-03,-0.0011270847,-0.0011270847,0.0006649876,-0.0040141586,-0.004018012,-0.004300531,-0.0027681636
2014-04-04,-0.0126165431,-0.0126165431,-0.0060345093,-0.0056847148,-0.0058474937,-0.0086299572,-0.0062918426
2014-04-07,-0.0108083125,-0.0108083125,-0.0043026768,-0.0047018882,-0.0057542119,-0.0087168589,-0.0062918426
2014-04-08,0.003743538,0.003743538,0.0019384343,0.0069007818,0.006810789,0.0054688184,0.0072907638
2014-04-09,0.0108590395,0.0108590395,0.0082705747,0.0091683567,0.0100804353,0.0083801784,0.0107219219
2014-04-10,-0.0211059679,0.02,-0.0060728979,-0.0065770373,-0.0058474941,-0.0052058995,-0.0062918426
2014-04-11,-0.0095320599,-0.0095320599,-0.0060721938,-0.0065770373,-0.0058474937,-0.0052058995,-0.0062918426
2014-04-14,0.0081837082,0.0081837082,0.0061266273,0.0058314949,0.0061781621,0.0035504624,0.0070353411
2014-04-15,0.0067345795,0.0067345795,0.0050068488,0.0029897429,0.0037904158,0.003749961,0.0065138452
2014-04-16,0.0104338684,0.0104338684,0.0109107429,0.0098960632,0.0094352774,0.010537995,0.0129204765
2014-04-17,0.0013629237,0.0013629237,-0.0007857666,-1.07418745756E-05,0.0013169339,0.0032841964,0.0027309898
2014-04-21,0.0037680156,0.0037680156,0.0008382867,0.0040257387,0.0025440855,0.0019469513,0.0044404715
2014-04-22,0.0040837889,0.0040837889,5.28516247869E-05,0.0042877924,0.0054199239,0.0043488955,0.0076621622
2014-04-23,-0.0022157668,-0.0022157668,0.001833424,-0.0021041427,-0.001974964,-0.0009704158,0.0021385979
2014-04-24,0.0017154879,0.0017154879,0.00177819,0.0046047941,0.0033559464,0.0011724392,0.002881946
2014-04-25,-0.0081293448,-0.0081293448,-0.0029439039,-0.0065770373,-0.0058474937,-0.0081412606,-0.0058458424
2014-04-28,0.0032308115,0.0032308115,0.0088463174,0.0037784465,0.0076976968,0.004193956,0.004399362
2014-04-29,0.0047494603,0.0047494603,0.0040616635,0.0038887504,0.0062466329,0.0075593106,0.0080176666
2014-04-30,0.0029875497,0.0029875497,0.0012155385,0.0030579753,0.0035965154,0.0033901501,0.0033618156
2014-05-01,-0.0001432715,-0.0001432715,-0.0027432037,-0.0012241285,0.000399163,0.001139191,0.0013578786
2014-05-02,-0.001349355,-0.001349355,-0.0060728951,-0.0046700761,-0.0044229478,-0.0037951395,-0.001775797
2014-05-05,0.0018694673,0.0018694673,0.0019678744,0.0019315574,0.0028155269,0.00298048,0.0036091637
2014-05-06,-0.0090290312,-0.0090290312,-0.0060728965,-0.0064457394,-0.0058474941,-0.0052058995,-0.0062918426
2014-05-07,0.0056007547,0.0056007547,0.0120066227,0.0062882099,0.0060616387,0.0061061447,0.0061636362
2014-05-08,-0.0013745692,-0.0013745692,-0.0031283349,-0.0044187512,-0.0047078403,-0.0043300893,-0.0034151797
2014-05-09,0.0015183229,0.0015183229,0.0051439125,0.0037951171,0.0041041905,0.0030157398,0.0043604309
2014-05-12,0.0096262562,0.0096262562,0.0027440498,0.005534282,0.0069889734,0.0092122685,0.0106576271
2014-05-13,0.0004216689,0.0004216689,-0.0006686179,-0.0003321823,-0.0021513049,0.0002777847,0.0002324674
2014-05-14,-0.0047120896,-0.0047120896,-0.004702691,-0.0044615734,-0.003928653,-0.0053842235,-0.00366802
2014-05-15,-0.0094059038,-0.0094059038,-0.0050844257,-0.0062119476,-0.0058474937,-0.0052058995,-0.0062918426
2014-05-16,0.0037399624,0.0037399624,0.0050258143,0.0030926391,0.0034447657,0.0027315104,0.003989174
2014-05-19,0.0038374143,0.0038374143,0.0022928007,0.0035291743,0.0056954017,0.0048012203,0.0038320962
2014-05-20,-0.0065196046,-0.0065196046,-0.0039143357,-0.0044585597,-0.0058474941,-0.0048637073,-0.0062881703
2014-05-21,0.0080833404,0.0080833404,0.0056182621,0.0063834023,0.0078227427,0.0066156499,0.0084027769
2014-05-22,0.0023594442,0.0023594442,-0.0011377227,0.0003851093,0.0039226711,0.0020990381,0.0036833128
2014-05-23,0.0042393929,0.0042393929,0.0020876853,0.0018832143,0.0036919722,0.0044838255,0.0057415524
2014-05-27,0.0059699503,0.0059699503,0.0042048795,0.0033623278,0.0053659147,0.0045817401,0.0054448768
2014-05-28,-0.0011146928,-0.0011146928,-0.0007749125,-0.0002991986,-0.0015110816,0.0003163107,0.0009074039
2014-05-29,0.0053527587,0.0053527587,0.0048446106,0.0055301972,0.0081664911,0.0052844472,0.0060607949
2014-05-30,0.0018419804,0.0018419804,0.0059249317,0.003182428,0.0033840751,0.0024065869,0.0030601127
2014-06-02,0.0007275617,0.0007275617,0.0003274009,0.0008232072,-0.0007896246,4.96236607432E-05,-0.0004898151
2014-06-03,-0.0003792887,-0.0003792887,-0.0026955036,-0.0040426143,-0.0021440587,-0.000869114,0.0008284808
2014-06-04,0.0018898768,0.0018898768,0.0049555367,0.0052091721,0.005222274,0.0043781623,0.0061980952
2014-06-05,0.0065040821,0.0065040821,0.0037143361,0.0021791365,0.0044050254,0.0059272498,0.0055890456
2014-06-06,0.0046170833,0.0046170833,0.0036179759,0.0014345758,0.002268522,0.0028322497,0.0035777027
2014-06-09,0.0009383313,0.0009383313,0.0038204193,-0.0002965368,0.0018380331,0.0026015835,0.0011915192
2014-06-10,-0.0002460142,-0.0002460142,0.0016506109,0.0002923775,0.0005527735,0.0007993178,0.0020974623
2014-06-11,-0.0035433109,-0.0035433109,-0.0011036177,-0.001210345,-0.0013953936,-0.0010995958,-0.000528119
2014-06-12,-0.0071141395,-0.0071141395,-0.0060728979,-0.0051047634,-0.0055710785,-0.0070046484,-0.0052329432
2014-06-13,0.0031296593,0.0031296593,0.0012347633,0.0025360212,0.0031139627,0.0018117502,0.0028678318
2014-06-16,0.0008363553,0.0008363553,-0.0002285214,-0.000941135,0.0024175867,0.0023227278,0.0018223161
2014-06-17,0.0021702125,0.0021702125,0.0047452347,0.0039785318,0.0033758264,0.0018975157,0.0033689365
2014-06-18,0.007689243,0.007689243,0.0095825056,0.007074751,0.0070444634,0.0081602829,0.0086290985
2014-06-19,0.0012766633,0.0012766633,0.0039462578,0.0021230113,0.0018836791,0.0009983145,0.0015908713
2014-06-20,0.0017285637,0.0017285637,0.0008342881,-3.01972031593E-05,5.63003122807E-05,0.0009908024,0.0030337684
2014-06-23,-0.000132473,-0.000132473,-0.0038339628,-0.0022858549,-0.0012634345,-0.000746619,-0.0023714034
2014-06-24,-0.0064561066,-0.0064561066,-0.0030692702,0.0011648536,-0.0058474946,-0.0081095751,-0.0030007716
2014-06-25,0.0048855575,0.0048855575,0.0022559129,0.001059534,0.0039562983,0.0037457086,0.0058246581
2014-06-26,-0.0011795791,-0.0011795791,-0.0024524105,-0.0014241897,-0.001995492,-0.0011245515,-0.0022403188
2014-06-27,0.0019090451,0.0019090451,0.0062586563,0.0039432291,0.0060138293,0.0043494143,0.003457428
2014-06-30,-0.0003723263,-0.0003723263,-0.0006846744,0.0022176839,0.0013009608,0.0018170262,0.0019680839
2014-07-01,0.006655573,0.006655573,0.0050544571,0.0061090551,0.005823344,0.006832459,0.0085766958
2014-07-02,0.0006585962,0.0006585962,-0.0040231762,-0.0022948403,-0.001343837,-0.0035072286,-0.0022579264
2014-07-03,0.0054645501,0.0054645501,0.0035475679,0.0033735167,0.0034288066,0.0031270059,0.004250248
2014-07-07,-0.0039312391,-0.0039312391,-0.0017634174,-0.0049197469,-0.0051351069,-0.0052058995,-0.0048424215
2014-07-08,-0.0070737619,-0.0070737619,-0.001486293,-0.0038837902,-0.0054856152,-0.0034711231,-0.0036937238
2014-07-09,0.0046335165,0.0046335165,-0.0006160578,0.0013478529,0.0034451187,0.0044033267,0.0044112206
2014-07-10,-0.0041396281,-0.0041396281,-0.0009877239,-0.0019245259,-0.0029626796,-0.0011416897,-0.0013356069
2014-07-11,0.0014698417,0.0014698417,0.0022546584,0.0001067836,-0.0006939112,0.001737603,0.0016603563
2014-07-14,0.0048318611,0.0048318611,0.0036263131,0.0041743312,0.0024796417,0.0033378135,0.0049345568
2014-07-15,-0.0019339649,-0.0019339649,-0.0021696216,-0.0022195317,-0.0033409488,-0.0046611093,-0.0019638441
2014-07-16,0.004192285,0.004192285,0.0014679092,0.0022537094,0.0025439505,0.0026140548,0.0032286867
2014-07-17,-0.0119046058,-0.0119046058,-0.0060728979,-0.0065770373,-0.0058474941,-0.006514173,-0.0062918426
2014-07-18,0.0102126091,0.0102126091,0.006026227,0.0060803723,0.0080074435,0.0078873457,0.0134508349
2014-07-21,-0.0023229465,-0.0023229465,-0.0011582808,-0.0009217151,-0.0014355648,-0.0002525318,0.0015996611
2014-07-22,0.005003611,0.005003611,-0.0011550291,-0.0002199057,0.0003493205,0.0019876426,0.0022445098
2014-07-23,0.001752901,0.001752901,0.0050808378,0.0033760592,0.0058443649,0.0041082893,0.0048427153
2014-07-24,0.0004880365,0.0004880365,0.0042374721,0.0016904045,-0.0001541977,0.0002094451,0.0015559252
2014-07-25,-0.0048609457,-0.0048609457,-0.0060728979,-0.0054570958,-0.0058474937,-0.0059453212,-0.0062918416
2014-07-28,0.0002881132,0.0002881132,-0.0030313793,-0.0021953285,-0.0022008331,-0.0050167907,-0.0023573474
2014-07-29,-0.0045380684,-0.0045380684,0.0047942437,0.0005499404,-9.58968885243E-05,-0.0011392813,0.001534475
2014-07-30,6.0910859931E-05,6.0910859931E-05,-0.0021156073,-0.002759302,-0.0047578099,-0.002675496,-0.001718739
2014-07-31,-0.020201932,0.02,-0.0060728951,-0.0065770373,-0.0058474937,-0.0052058995,-0.0062918426
2014-08-01,-0.0028632165,-0.0028632165,0.0017226157,0.0014213137,0.0012855972,-0.0024683159,0.0029763961
2014-08-04,0.0071633145,0.0071633145,0.0021540523,0.0025834013,0.0026570605,0.0044020507,0.0040891962
2014-08-05,-0.009732679,-0.009732679,-0.0013653166,-0.0040653441,-0.0033396841,-0.0073352437,-0.0049647992
2014-08-06,1.56382717567E-05,1.56382717567E-05,0.0094580604,0.0048298165,0.0054408628,0.0046153404,0.0050023198
2014-08-07,-0.0055721155,-0.0055721155,-0.0031119841,-0.00399567,-0.0042340024,-0.0043279454,-0.0051505528
2014-08-08,0.0114654228,0.0114654228,0.0087267011,0.0090290532,0.0099036628,0.0102792419,0.0107187033
2014-08-11,0.002755625,0.002755625,0.0028629657,0.0037542898,0.003457116,0.0042651296,0.0050802426
2014-08-12,-0.0016379824,-0.0016379824,0.0006096875,-0.0014041588,-0.0009473236,-0.0023717564,-0.0006248662
2014-08-13,0.0066847673,0.0066847673,0.0062607788,0.0065845773,0.0075463383,0.0070316643,0.0085379109
2014-08-14,0.0043363983,0.0043363983,0.0019554086,0.0021530036,0.0030362476,0.002481197,0.0035646483
2014-08-15,-6.13747476219E-05,-6.13747476219E-05,-0.0003893017,0.000732379,0.0012393752,0.0005308539,0.0020378279
2014-08-18,0.0084954829,0.0084954829,0.0045895074,0.0055496879,0.0063176565,0.0071018999,0.0069018938
2014-08-19,0.0049881905,0.0049881905,0.0022009378,0.0012585521,0.0028191321,0.0030002557,0.0043775085
2014-08-20,0.0024747482,0.0024747482,0.0031382414,0.0041368082,0.0038016578,0.0036755558,0.0047837617
2014-08-21,0.0029455471,0.0029455471,0.0020567058,-0.0002039988,-2.15047039092E-05,-0.0001437273,-0.0004356382
2014-08-22,-0.0019945751,-0.0019945751,-0.0043831943,-0.0027875453,-0.0009989049,-0.0002113469,-0.0009419308
2014-08-25,0.0047763541,0.0047763541,0.0045067584,0.0043951701,0.0058793416,0.0046000443,0.0050022248
2014-08-26,0.0010505291,0.0010505291,-0.0001397305,-0.0003169682,-0.0024386228,-0.0003841463,0.0005654069
2014-08-27,4.9985750322E-05,4.9985750322E-05,0.0010983236,0.0004390329,0.0026123673,-0.0009953771,0.0010533906
2014-08-28,-0.0016913306,-0.0016913306,0.0006043664,0.0003896188,-0.0007956601,-0.0009362735,-0.0005265744
2014-08-29,0.0033149144,0.0033149144,0.0028595803,0.0024750531,0.0033824593,0.0028440077,0.0039997967
2014-09-02,-0.0005442143,-0.0005442143,0.0009536627,-0.003406899,-0.0025709306,0.0002366919,0.0005496531
2014-09-03,-0.0007794445,-0.0007794445,-0.0004261909,0.0015197843,7.58990645409E-05,-0.0008712336,-0.0005632951
2014-09-04,-0.0015355996,-0.0015355996,-0.0016647009,-0.0026227776,-0.0021019524,-0.0024770051,-0.0015810574
2014-09-05,0.0050232479,0.0050232479,0.0022058561,0.0044186544,0.0016775597,0.0041933497,0.0055396901
2014-09-08,-0.0030778459,-0.0030778459,-0.0016927677,-0.0021536984,-0.003195503,-0.0016830415,-0.0013979706
2014-09-09,-0.0065665217,-0.0065665217,-0.0046286928,-0.0059315674,-0.0058474946,-0.0052058995,-0.0062918426
2014-09-10,0.0036394436,0.0036394436,0.0032656165,0.0025245622,0.0044902163,0.0026758537,0.0031940266
2014-09-11,0.0008815169,0.0008815169,-0.0005174419,4.76706773043E-05,0.0001529776,0.0013961839,0.0017741192
2014-09-12,-0.0059804054,-0.0059804054,-0.0049952106,-0.0065770373,-0.0058474941,-0.0052058995,-0.0062918416
2014-09-15,-0.0007104037,-0.0007104037,0.0037143845,-0.0016876366,-0.0011110543,-0.0014169645,-0.0012919926
2014-09-16,0.007456507,0.007456507,0.0059468411,0.0072278026,0.0083968127,0.0088087767,0.0095892549
2014-09-17,0.0012948052,0.0012948052,-0.0004482269,0.0003403593,0.0005226783,0.0014662342,0.0015115165
2014-09-18,0.0048792571,0.0048792571,0.0040611494,0.0043215901,0.0043625915,0.0034362543,0.0047627008
2014-09-19,-0.0004773835,-0.0004773835,-0.0026154551,-0.0016754121,-0.0016114805,-0.0019509755,-0.0020637512
2014-09-22,-0.0080456024,-0.0080456024,-0.0028405609,-0.0060185902,-0.0058474937,-0.0083485525,-0.0062918426
2014-09-23,-0.0057932498,-0.0057932498,-0.0054894518,-0.004340576,-0.0041157776,-0.0040038098,-0.003990842
2014-09-24,0.0078019766,0.0078019766,0.0086256135,0.0098878285,0.0117620183,0.0082672536,0.0113952868
2014-09-25,-0.0163009135,-0.0163009135,-0.0060728965,-0.0065770373,-0.0058474937,-0.0071945246,-0.0062918426
2014-09-26,0.0085392615,0.0085392615,0.0066111041,0.0100065405,0.0088636829,0.0080007669,0.0094855931
2014-09-29,-0.002550051,-0.002550051,-0.0005674441,-0.0010435265,-0.0002593407,-0.00007038,-0.0004512118
2014-09-30,-0.0027898167,-0.0027898167,-0.0007137866,-0.0017627385,-0.0033312312,-0.0054968409,-0.0033128534
2014-10-01,-0.0133371062,-0.0133371062,-0.0060728965,-0.0065770373,-0.0058474941,-0.0057002231,-0.0062918426
2014-10-02,5.14344867941E-06,5.14344867941E-06,0.0020870166,0.0016959775,0.0003987313,0.0006328272,0.0025943061
2014-10-03,0.0111036353,0.0111036353,0.010014209,0.0089368578,0.0096728867,0.0102892965,0.0135018509
2014-10-06,-0.0015663859,-0.0015663859,0.0004522251,-0.0032474101,-0.0041519124,-0.0043335538,-0.0029203205
2014-10-07,-0.0152416183,-0.0152416183,-0.0060728979,-0.0071171187,-0.0058474946,-0.0052058995,-0.0062918426
2014-10-08,0.0173109475,0.0173109475,0.0125435581,0.0136987725,0.0161182769,0.0155901955,0.0161313117
2014-10-09,-0.0208778486,0.02,-0.0060728965,-0.0065770373,-0.0058474937,-0.0053714905,-0.0062918426
2014-10-10,-0.01151708,-0.01151708,-0.0014184713,-0.0065770373,-0.0058474946,-0.006730631,-0.0062918426
2014-10-13,-0.0166050334,-0.0166050334,-0.0060728965,-0.0065770373,-0.0058474941,-0.015262071,-0.0062918426
2014-10-14,0.0015776197,0.0015776197,0.00441611,0.0046948977,0.0017040172,0.0019940855,0.0059855981
2014-10-15,-0.0081333008,-0.0081333008,-0.0060728951,-0.0087249465,-0.0058474941,-0.003710188,-0.0033966808
2014-10-16,0.0001449675,0.0001449675,-0.0018304456,-0.0001824591,0.0010000784,0.0018825987,0.0027910732
2014-10-17,0.0128018134,0.0128018134,0.0138113936,0.008995166,0.0098154442,0.0128894551,0.0117748603
2014-10-20,0.0091011161,0.0091011161,0.0061628092,0.0084529184,0.011384015,0.0155901955,0.0083203549
2014-10-21,0.0193853706,0.0193853706,0.0125313448,0.0150804734,0.0159523189,0.0155901955,0.0173624363
2014-10-22,-0.0073261007,-0.0073261007,-0.0007100971,-0.0039747059,-0.0058474937,-0.0041186456,-0.0057131858
2014-10-23,0.0122283058,0.0122283058,0.0004107868,0.0030313749,0.0041954834,0.0029710149,0.0063217496
2014-10-24,0.0070286903,0.0070286903,0.0067781843,0.0056703947,0.0080755977,0.0067149745,0.0073764548
2014-10-27,-0.0015026968,-0.0015026968,0.0065843863,0.0042375512,0.0025782092,-0.0005315077,0.0018850379
2014-10-28,0.0118683646,0.0118683646,0.0092919013,0.0096152415,0.0087004863,0.0068784682,0.0111955795
2014-10-29,-0.001386316,-0.001386316,-0.0016815048,-0.0052117445,-0.0023628124,-0.003511481,4.47765924037E-05
2014-10-30,0.006210797,0.006210797,0.0076502385,0.0040752683,0.004588631,0.0062319059,0.0062181726
2014-10-31,0.0116631145,0.0116631145,0.0029022964,0.0099390019,0.0087450286,0.0087893894,0.0108253248
2014-11-03,-0.0001189288,-0.0001189288,0.0002124473,-2.93385237455E-05,-0.0015519387,-0.0030569658,0.0023293607
2014-11-04,-0.0028338532,-0.0028338532,0.0073100002,0.0026961118,-0.0030095356,-0.0028361529,0.0005580224
2014-11-05,0.0056843107,0.0056843107,0.0037670834,0.0026633609,-0.001231207,-0.0018524677,0.0015549418
2014-11-06,0.0037684038,0.0037684038,0.0041590137,0.0039158054,0.001352468,0.0051608728,0.0067620724
2014-11-07,0.0003495251,0.0003495251,0.0019818237,-0.0034071915,-0.0030443273,-0.0020306911,-0.0006740652
2014-11-10,0.0031153271,0.0031153271,0.0061534084,0.0049241744,0.0036985027,0.0026099933,0.0046690088
2014-11-11,0.0006964517,0.0006964517,-0.00127684,-0.0012927726,-0.0015313458,-0.0029100496,-0.0022903304
2014-11-12,-0.0007013627,-0.0007013627,0.0010622093,-0.00244697,-0.0023011153,3.42847779393E-05,0.0006952337
2014-11-13,0.0005297044,0.0005297044,0.0012535811,-0.0041807648,-0.0053339531,-0.0030818563,-0.0015186449
2014-11-14,0.0002402412,0.0002402412,-0.0032673548,-0.0024139304,-0.0030146067,-0.0028502829,-0.0012479955
2014-11-17,0.0007350888,0.0007350888,0.0026088366,0.0010908153,-0.00049811,-0.0013484284,-0.0001220377
2014-11-18,0.0051208496,0.0051208496,-0.0003597052,0.0005740691,0.0021085981,0.0033179959,0.006082505
2014-11-19,-0.0015022868,-0.0015022868,-0.0004654261,-0.0019123685,0.0003123013,-0.0002247524,0.0019199876
2014-11-20,0.0019651639,0.0019651639,-0.0002279365,0.0012650304,0.0033963695,0.0029208697,0.0028716205
2014-11-21,0.0052232126,0.0052232126,0.0016700625,0.0036724061,0.0029360633,0.0031707073,0.0039774291
2014-11-24,0.0028599298,0.0028599298,0.0037631737,0.0026984829,0.0023244238,0.0036706654,0.0039835777
2014-11-25,-0.0011506916,-0.0011506916,0.0024031056,0.00037379,0.0002587009,-0.0033532865,0.0010972642
2014-11-26,0.0028020526,0.0028020526,0.003562618,0.0028170981,0.0025221119,0.0004758593,0.0039053066
2014-11-28,-0.0025456644,-0.0025456644,0.0044622635,0.0017289203,-0.0058596795,-0.0036108568,-0.0030810013
2014-12-01,-0.0068527897,-0.0068527897,-0.0041004205,-0.0065687858,-0.0058474941,-0.0052058995,-0.0062918426
2014-12-02,0.006364167,0.006364167,0.0032906812,0.0047457051,0.0083550336,0.0069935862,0.0070706485
2014-12-03,0.0037576737,0.0037576737,0.0015124083,0.0014276318,0.0012915567,0.0027303612,0.0029788185
2014-12-04,-0.0011625716,-0.0011625716,0.0034388248,-0.00064441,-0.000445711,-0.0015577395,0.0020922003
2014-12-05,0.0016638314,0.0016638314,0.0034060534,0.0010575633,-0.0005351054,0.0001502829,0.0018663658
2014-12-08,-0.0072830219,-0.0072830219,0.0026095202,-0.0013031047,-0.0058474946,-0.0062118508,-0.0062918426
2014-12-09,-0.0002378522,-0.0002378522,-0.0050813332,-0.002762109,0.0002285945,0.000334491,0.000663945
2014-12-10,-0.0164861208,-0.0164861208,-0.0060728951,-0.0065770373,-0.0058474937,-0.0070269406,-0.0062918426
2014-12-11,0.0045254338,0.0045254338,0.0010641883,-0.0001754891,0.0023014899,0.001998811,0.0037718201
2014-12-12,-0.0163464658,-0.0163464658,-0.0060728979,-0.0107062384,-0.0058474941,-0.0052058995,-0.0062918426
2014-12-15,-0.0063627862,-0.0063627862,-0.0030515254,-0.0064996518,-0.0039904285,-0.0052058995,-0.0056014871
2014-12-16,-0.00852526,-0.00852526,-0.0041967691,-0.0057718866,-0.0058474941,-0.0052058995,-0.0050893999
2014-12-17,0.0201480735,0.0201480735,0.0135275023,0.0165597089,0.0202439427,0.0155901955,0.0174151529
2014-12-18,0.0237313745,0.0237313745,0.0176052451,0.0184411071,0.0206411965,0.0155901955,0.0174151529
2014-12-19,0.004559638,0.004559638,0.0005688202,0.0046017878,0.0068415469,0.0036413241,0.0068414407
2014-12-22,0.0038032226,0.0038032226,0.0075793788,0.0015793592,0.0023125447,0.002423685,0.0052105794
2014-12-23,0.0017448387,0.0017448387,0.0063443659,0.0037617087,0.0032828245,0.0050653107,0.0027292408
2014-12-24,-0.0001393062,-0.0001393062,-0.0028918351,-0.00240287,-0.0018341672,-0.0034078341,3.23825515807E-05
2014-12-26,0.0033041101,0.0033041101,-0.0004321989,0.002130948,0.0023972159,-0.0004243664,0.0042983899
2014-12-29,0.000861403,0.000861403,0.0010586102,0.0012293532,0.0009293258,0.0025591021,0.0006052977
2014-12-30,-0.0049005927,-0.0049005927,-0.0019792058,-0.004221648,-0.0027346946,-0.0025902223,-0.0027429985
2014-12-31,-0.0103643839,-0.0103643839,-0.0060728979,-0.0074340254,-0.0058474946,-0.0052058995,-0.0062918426
2015-01-02,-0.0003400214,-0.0003400214,0.0008076341,0.000944091,-0.0019015744,0.0010767607,0.000634857
2015-01-05,-0.0184472135,-0.0184472135,-0.0060728965,-0.0065770373,-0.0058474946,-0.009184787,-0.0062918426
2015-01-06,-0.0089332548,-0.0089332548,-0.0054542706,-0.0064967386,-0.0058474946,-0.007702386,-0.0058808839
2015-01-07,0.0115627358,0.0115627358,0.0113074547,0.0106829619,0.0112365698,0.0155901965,0.0136624612
2015-01-08,0.0177301685,0.0177301685,0.0149959819,0.0164685063,0.0158859938,0.0155901965,0.0168096535
2015-01-09,-0.0084393222,-0.0084393222,-0.0060728965,-0.0042328332,-0.0058474941,-0.0052058995,-0.0062918416
2015-01-12,-0.0081266169,-0.0081266169,-0.0060728979,-0.0065770373,-0.0058474941,-0.0125755984,-0.0062918426
2015-01-13,-0.0025818857,-0.0025818857,0.0015984513,-0.0020775758,-0.0019591346,-0.0009689573,0.0006048614
2015-01-14,-0.0058300286,-0.0058300286,-0.0042435648,-0.0093809925,-0.004283403,-0.0039154869,-0.0062918426
2015-01-15,-0.0092909032,-0.0092909032,-0.0011481796,-0.0033882018,-0.0058474941,-0.0132100973,-0.0061532133
2015-01-16,0.0133348932,0.0133348932,0.0125144618,0.0136208003,0.0178693421,0.0155901965,0.0170806777
2015-01-20,0.0015487525,0.0015487525,0.0009271773,-0.0001713261,0.0008571721,0.0020278674,0.0014483272
2015-01-21,0.0047204649,0.0047204649,-0.0028015445,0.0056987349,0.0046832673,0.0059738597,0.0066617457
2015-01-22,0.015154313,0.015154313,0.0153182028,0.013961575,0.0136392424,0.0116536766,0.012806667
2015-01-23,-0.0055066563,-0.0055066563,-0.0060728965,-0.0065244846,-0.0058474937,-0.0035642572,-0.0040444541
2015-01-26,0.0025651682,0.0025651682,0.0017562956,0.0042063817,0.0040391907,0.0043799188,0.0057449201
2015-01-27,-0.0134782878,-0.0134782878,-0.0060728965,-0.0081919581,-0.0058474946,-0.0052058995,-0.0062918426
2015-01-28,-0.013587503,-0.013587503,-0.0060728951,-0.0084053166,-0.0058474946,-0.0077203419,-0.0062918426
2015-01-29,0.0094895171,0.0094895171,0.0065944027,0.0039178282,0.0050698398,0.0108489487,0.0108864252
2015-01-30,-0.0130770991,-0.0130770991,-0.0060728979,-0.0073818341,-0.0058474937,-0.0052058995,-0.0062918426
2015-02-02,0.0128791703,0.0128791703,0.0125641236,0.0121520841,0.0112980688,0.0117366193,0.0117963683
2015-02-03,0.0143362382,0.0143362382,0.0108564766,0.0127415042,0.0131562809,0.0116651468,0.0156126656
2015-02-04,-0.0041647063,-0.0041647063,0.0041959938,-0.002553694,-0.0058474937,-0.0029098652,-0.0029508444
2015-02-05,0.0102388108,0.0102388108,0.0085459845,0.0100964848,0.01030879,0.0082549928,0.0093224738
2015-02-06,-0.0034240277,-0.0034240277,-0.0043106861,-0.0054809954,-0.0058474941,-0.0052058995,-0.006139202
2015-02-09,-0.0042562396,-0.0042562396,-0.0033669868,-0.0030650869,-0.0047040484,-0.0057850908,-0.0021562669
2015-02-10,0.0106189797,0.0106189797,0.0046216063,0.0062805992,0.0077173859,0.0068316543,0.0089733768
2015-02-11,-2.90342065519E-05,-2.90342065519E-05,0.0069500897,0.0026455205,0.0005773762,0.0016928501,0.0019832291
2015-02-12,0.009598295,0.009598295,0.0065224869,0.0073470119,0.0082017668,0.009918442,0.0095540043
2015-02-13,0.0040664593,0.0040664593,-0.0060728965,-0.003422413,0.0004387186,-0.0010063052,0.0010766075
2015-02-17,0.0015962999,0.0015962999,0.0059988461,0.0057029389,0.0066597397,0.004253584,0.0057753567
2015-02-18,-0.0003143585,-0.0003143585,0.007862363,0.0038630366,0.0049007693,0.0017448384,0.0047757654
2015-02-19,-0.001062622,-0.001062622,-0.003667841,-0.0054254699,-0.0047186017,-0.0032376908,-0.0031864163
2015-02-20,0.0061078429,0.0061078429,0.0034508249,0.0045798663,0.0038765883,0.0010269377,0.0048085954
2015-02-23,-0.0003033853,-0.0003033853,0.0007221107,-0.0025672186,-0.0011965758,-0.0017785523,-0.0008232212
2015-02-24,0.0027549723,0.0027549723,0.0016941759,0.0014949031,0.0006499235,0.0005479995,0.0024088137
2015-02-25,-0.0007660169,-0.0007660169,0.0004601278,-0.0006679725,0.0007950673,0.0002111746,0.0034057014
2015-02-26,-0.0014771185,-0.0014771185,-0.0016461182,-0.0020593554,-0.0039051762,-0.0051981453,-0.0021957248
2015-02-27,-0.0029606829,-0.0029606829,-0.0018190225,-0.002023574,-0.0014617732,-0.0024762042,-0.0012166542
2015-03-02,0.0061062384,0.0061062384,0.0066208774,0.0046062395,0.0045220368,0.0023345789,0.0068879733
2015-03-03,-0.0045488729,-0.0045488729,-0.0024621643,-0.0051505696,-0.0025576327,-0.0005804375,-0.0026995766
2015-03-04,-0.0043981612,-0.0043981612,-0.0060728965,-0.0065309294,-0.0054167663,-0.0052058995,-0.0044154385
2015-03-05,0.0011953654,0.0011953654,0.0040959064,0.0037129819,0.0022872444,0.001486266,0.0032233959
2015-03-06,-0.0142753562,-0.0142753562,-0.0060728951,-0.0076307058,-0.0058474946,-0.0052058976,-0.0062918426
2015-03-09,0.0039366624,0.0039366624,0.0036048852,-0.0003200993,0.0020353757,0.0018957388,0.0033079535
2015-03-10,-0.0171068212,-0.0171068212,-0.0060728965,-0.0073566139,-0.0058474937,-0.0052058995,-0.0062918426
2015-03-11,-0.0019195207,-0.0019195207,-0.0007286398,-0.0012674443,-0.0017859126,-0.001840394,-0.0005918476
2015-03-12,0.0125227022,0.0125227022,0.0131172305,0.0112654036,0.0113867437,0.0155901965,0.0122770239
2015-03-13,-0.0060932372,-0.0060932372,-0.002405239,-0.0058813225,-0.0036582432,-0.0034065638,-0.0052328017
2015-03-16,0.013442909,0.013442909,0.0156402811,0.0109363748,0.0123585938,0.0129471542,0.0146171041
2015-03-17,-0.0033256977,-0.0033256977,-0.0036325434,-0.0043625422,-0.0058474937,-0.0033689048,-0.0023674634
2015-03-18,0.0120851016,0.0120851016,0.0088418638,0.0107339108,0.0126492819,0.0151509894,0.0108378045
2015-03-19,-0.0048844889,-0.0048844889,-0.0036848274,-0.0083719231,-0.0044993199,-0.0017430037,-0.0030882512
2015-03-20,0.0089723821,0.0089723821,0.0081545496,0.0089648534,0.0104776705,0.0155901955,0.0095644463
2015-03-23,-0.0017472567,-0.0017472567,0.0007948517,0.0012997445,-0.000362901,-0.0019711182,0.0012195408
2015-03-24,-0.0061583458,-0.0061583458,-0.0060728951,-0.0059796218,-0.0058474937,-0.0052058995,-0.0062918426
2015-03-25,-0.0146659264,-0.0146659264,-0.0060728951,-0.0070751645,-0.0058474941,-0.0052058995,-0.0062918426
2015-03-26,-0.002380331,-0.002380331,-0.0037516982,-0.0039196759,-0.0040680273,-0.0013084523,-0.0028360309
2015-03-27,0.0023657611,0.0023657611,0.0003153067,-0.000343265,0.0007131598,0.0014155861,0.0029521184
2015-03-30,0.0121623823,0.0121623823,0.0114211543,0.0097805886,0.0102537451,0.0111889513,0.0125388373
2015-03-31,-0.0088346859,-0.0088346859,-0.0043998132,-0.0076189823,-0.0058474941,-0.0052058995,-0.0062918426
2015-04-01,-0.0039732546,-0.0039732546,-0.0047967713,-0.0033643711,-0.0041523352,-0.0026726816,-0.002587266
2015-04-02,0.0035234525,0.0035234525,0.0048165163,0.004745448,0.0044465791,0.0034077121,0.0042897929
2015-04-06,0.0065870725,0.0065870725,0.0076252548,0.008888647,0.0091307983,0.0073285215,0.0088309469
2015-04-07,-0.0020640327,-0.0020640327,-0.0031323021,-0.0038092881,-0.0058474946,-0.0036088675,-0.0017662728
2015-04-08,0.0026789415,0.0026789415,0.0030009681,0.0032273754,0.0035970556,0.0023956271,0.0049899388
2015-04-09,0.0044475762,0.0044475762,8.89492221177E-05,0.0006743986,0.0028045289,0.0031258408,0.0052653281
2015-04-10,0.0051893769,0.0051893769,0.0022771712,0.0017853864,0.0023900988,0.0022560908,0.0034155035
2015-04-13,-0.0045918068,-0.0045918068,-0.0041031577,-0.002829805,-0.0058474937,-0.0026586689,-0.0036018891
2015-04-14,0.0016284321,0.0016284321,0.0020326609,0.0017896704,0.0019924417,0.0031654015,0.0019149547
2015-04-15,0.0051349891,0.0051349891,-0.000085331,0.0053574834,0.0045080986,0.0047045834,0.0046868892
2015-04-16,-0.000778747,-0.000778747,-0.0006722361,0.0025824569,-0.0026161049,1.89505517483E-05,0.0011297599
2015-04-17,-0.0113757039,-0.0113757039,-0.0060728979,-0.0075529963,-0.0058474937,-0.0086800233,-0.0062918426
2015-04-20,0.0091927483,0.0091927483,0.0052393349,0.0045918114,0.0043119006,0.0052471338,0.0075593367
2015-04-21,-0.0014817024,-0.0014817024,-0.0024059699,-0.0021122955,-0.0024849386,-0.0008883774,-0.0015643565
2015-04-22,0.0050745829,0.0050745829,-0.0003017695,0.0014206171,0.0010745293,0.0009670556,0.0015896233
2015-04-23,0.002354941,0.002354941,0.0003245692,-0.0006024428,-0.0003071441,0.0005733501,-0.0006877538
2015-04-24,0.0022502665,0.0022502665,0.007758772,0.0012934357,-0.0004302706,-8.66875052452E-05,0.0023156311
2015-04-27,-0.004149913,-0.004149913,-0.0060728965,-0.0046749227,-0.0058474941,-0.0064631402,-0.0053395499
2015-04-28,0.0027654045,0.0027654045,0.0027604429,0.0020562503,0.0013780622,0.0015684199,0.0014730492
2015-04-29,-0.0037473481,-0.0037473481,-0.0060728965,-0.0065770373,-0.0058474941,-0.0052058995,-0.0062918426
2015-04-30,-0.0101805531,-0.0101805531,-0.0047776601,-0.0041592401,-0.0058474941,-0.007621536,-0.0062918426
2015-05-01,0.0108637764,0.0108637764,0.0042109061,0.0056199115,0.0066355774,0.0049401596,0.008839326
2015-05-04,0.0029364331,0.0029364331,0.0041488381,0.002122283,0.0013445648,0.0018205456,0.0023325998
2015-05-05,-0.0119080032,-0.0119080032,-0.0060728979,-0.0065770373,-0.0058474937,-0.0112158265,-0.0062918426
2015-05-06,-0.0044656813,-0.0044656813,-0.0013322728,-0.0020230617,-0.0047928579,-0.0032367688,-0.0047799307
2015-05-07,0.0037667106,0.0037667106,0.0089302454,0.0050426852,0.0063722162,0.0059668245,0.0078786165
2015-05-08,0.0133681481,0.0133681481,0.0133487089,0.0133811319,0.0130466493,0.0126722716,0.0133704897
2015-05-11,-0.0051025567,-0.0051025567,-0.0028762589,-0.0035471842,-0.0040876647,-0.0025028568,-0.0036426974
2015-05-12,-0.0029539965,-0.0029539965,-0.0021423986,-0.0033588801,-0.0050073359,-0.0028167535,-0.0034017321
2015-05-13,-0.0003050014,-0.0003050014,-0.0026618515,-0.0017599408,-0.0010668901,-0.0028409753,-0.0018791985
2015-05-14,0.0107216046,0.0107216046,0.0146863172,0.0081932396,0.0067671519,0.0094025405,0.0098180678
2015-05-15,0.0007681184,0.0007681184,-0.0005654297,0.0010734163,0.0033656359,0.0028808368,0.0021003075
2015-05-18,0.0030433126,0.0030433126,0.0046157595,0.0019981377,0.0031070225,0.0027566263,0.0035930611
2015-05-19,-0.0006435816,-0.0006435816,0.0012484547,-0.002519127,-0.0015818095,-0.0019227508,-0.0001276741
2015-05-20,-0.0009309492,-0.0009309492,-0.0004170509,-0.0009409562,-0.0018349574,-0.0004747901,0.0005477522
2015-05-21,0.0023351456,0.0023351456,-0.0008004452,0.0007172823,0.0012980029,0.0009224396,0.0021192217
2015-05-22,-0.0022363848,-0.0022363848,-0.0024818459,-0.0031700172,-0.0035418491,-0.0034378245,-0.0023034057
2015-05-26,-0.0103352052,-0.0103352052,-0.0060728951,-0.0094217956,-0.0058474937,-0.0060723759,-0.0062918426
2015-05-27,0.0091209188,0.0091209188,0.0058579799,0.0077055115,-0.0058474937,0.0069059636,0.0093251383
2015-05-28,-0.0012675637,-0.0012675637,0.0007886952,-0.0014239121,-0.0015683561,-0.0032699574,-0.0026389502
2015-05-29,-0.006338515,-0.006338515,-0.0060728979,-0.0072393976,-0.0058474941,-0.0052058976,-0.0062918426
2015-06-01,0.0020573431,0.0020573431,0.0014095809,0.0003543161,0.0005296324,0.0015433747,0.0022393698
2015-06-02,-0.0010091048,-0.0010091048,-0.0014586709,-0.0005493797,-0.001537635,0.0005574841,0.000554895
2015-06-03,0.0021166291,0.0021166291,0.0017885398,-0.0008641295,-0.0029846895,-0.0004766025,-0.000637122
2015-06-04,-0.008660562,-0.008660562,-0.0060728951,-0.0108771734,-0.0058474937,-0.0052058995,-0.0062918426
2015-06-05,-0.0014372153,-0.0014372153,-0.0060728965,-0.0043579135,-0.0031546571,-0.0021981038,-0.0018376117
2015-06-08,-0.0064955604,-0.0064955604,-0.0028676097,-0.0063584112,-0.0058474941,-0.0052058995,-0.0062918426
2015-06-09,0.0004182655,0.0004182655,0.003195473,0.0009007491,0.001151097,0.0006077848,0.0014931299
2015-06-10,0.0119704918,0.0119704918,0.0122257685,0.0100569176,0.0112306373,0.0092221033,0.0127056334
2015-06-11,0.0017371166,0.0017371166,0.0051526977,0.0017884113,0.0019082767,0.0036469521,0.0030510407
2015-06-12,-0.0070188747,-0.0070188747,-0.0039189607,-0.0051321648,-0.0055467244,-0.0033662394,-0.0045091519
2015-06-15,-0.0046332892,-0.0046332892,-0.0060728965,-0.0049346816,-0.0058474937,-0.0047683492,-0.0043258229
2015-06-16,0.0056737303,0.0056737303,0.0062877974,0.0052061379,0.0065736538,0.0051667066,0.0069183595
2015-06-17,0.0019776842,0.0019776842,0.0031886064,0.002522137,0.0053011775,0.004300965,0.0040982543
2015-06-18,0.0098540001,0.0098540001,0.0096902391,0.009075677,0.0122215981,0.0155901955,0.0121480413
2015-06-19,-0.0053176152,-0.0053176152,-0.0060728965,-0.0069667287,-0.0058474937,-0.0049060248,-0.0052555073
2015-06-22,0.0060763683,0.0060763683,-0.0005613146,-4.26638871431E-05,0.0042974651,0.003129214,0.0050957119
2015-06-23,0.0006356662,0.0006356662,-0.0020144386,-0.0007908493,-0.0013391892,-0.0005618595,0.000389507
2015-06-24,-0.0073804657,-0.0073804657,-0.0060728979,-0.0065770373,-0.0058474941,-0.0052058995,-0.0062918426
2015-06-25,-0.0029780039,-0.0029780039,-0.0060728951,-0.0072211139,-0.0058474941,-0.0052058995,-0.0046277689
2015-06-26,-0.000390156,-0.000390156,0.0036570793,-0.0046830066,-0.0007232982,0.0010664146,0.0003734208
2015-06-29,-0.0210869692,0.02,-0.0060728947,-0.0071192458,-0.0058474941,-0.0054014809,-0.0062918426
2015-06-30,0.0026549619,0.0026549619,0.0008669673,-0.0019757356,0.0029536076,0.0020928718,0.0028202329
2015-07-01,0.0069120967,0.0069120967,0.0102044931,0.0075715333,0.0085352827,0.005365706,0.0073670438
2015-07-02,-0.0003080704,-0.0003080704,0.0006332076,0.0021150596,0.0023965705,0.0001805704,0.0020399541
2015-07-06,-0.0038692324,-0.0038692324,-0.0002628523,-0.004426131,-0.0055064973,-0.0030152407,-0.0029465707
2015-07-07,0.0060625605,0.0060625605,0.011198963,0.0105065564,0.0098043969,0.010096509,0.0103010759
2015-07-08,-0.0167929648,-0.0167929648,-0.0060728979,-0.0065770373,-0.0058474941,-0.0052058976,-0.0062918426
2015-07-09,0.0022596477,0.0022596477,0.0019660192,0.0010738764,0.0009911899,0.0016838582,0.0023039933
2015-07-10,0.0122629861,0.0122629861,0.0085808067,0.0068385173,0.0077477805,0.0078589618,0.0093530435
2015-07-13,0.0110052688,0.0110052688,0.008209575,0.0091281459,0.0094999922,0.0116092358,0.010430336
2015-07-14,0.004443273,0.004443273,0.0024506636,0.0045054462,0.0063824905,0.0042154007,0.004528095
2015-07-15,-0.0007352564,-0.0007352564,-0.0009305887,-0.0048509818,-0.0058474937,-0.0060523078,-0.0062918426
2015-07-16,0.0079827336,0.0079827336,0.0091622816,0.0112155499,0.0099083418,0.0078636035,0.0081157461
2015-07-17,0.0011055719,0.0011055719,-0.0023617181,-0.0038488768,-0.0058474941,-0.0027327985,-0.0027818331
2015-07-20,0.0007709363,0.0007709363,0.0033451905,-0.0048517659,-0.0013415567,-0.0031996872,9.50531102717E-05
2015-07-21,-0.0042707961,-0.0042707961,-0.0039243237,-0.0013669226,-0.0040128655,-0.0041983109,-0.0002304516
2015-07-22,-0.0023905652,-0.0023905652,0.0044634305,-0.0003857538,-0.0058474946,-0.0036929566,-0.0004161797
2015-07-23,-0.0056922102,-0.0056922102,0.0011775214,-0.0044523887,-0.0040611983,-0.0052058995,-0.0029517643
2015-07-24,-0.0107610207,-0.0107610207,0.0011141258,-0.0065770373,-0.0058474937,-0.0052058976,-0.0062918426
2015-07-27,-0.0057917547,-0.0057917547,0.0014626896,-0.0044518355,-0.0058474941,-0.0042704996,-0.0062918426
2015-07-28,0.0123100736,0.0123100736,0.0029608104,0.0117642349,0.0110908831,0.0135262599,0.0104320627
2015-07-29,0.0072921428,0.0072921428,0.0087488731,0.0050787237,0.0055623492,0.0049956338,0.0073647834
2015-07-30,2.83671633774E-05,2.83671633774E-05,-0.000170182,-0.0046848375,-0.0006811391,0.0013107825,0.0004739095
2015-07-31,-0.0022741038,-0.0022741038,-0.001816181,-0.0048544202,-0.004333986,-0.0018075015,-0.0004051747
2015-08-03,-0.002760694,-0.002760694,0.0047439942,0.00065271,-0.0016351133,0.0011281921,0.0007995367
2015-08-04,-0.0022522393,-0.0022522393,0.0019178316,-0.0017281566,-0.0016604532,-0.0001554713,0.0014647478
2015-08-05,0.0031098384,0.0031098384,0.0088140415,0.0075785238,0.0068410868,0.0028134035,0.0036922544
2015-08-06,-0.0077831958,-0.0077831958,-0.0057796598,-0.0044941064,-0.0054520434,-0.0052058995,-0.0062918426
2015-08-07,-0.0028790232,-0.0028790232,-0.0015863795,-0.0042148847,-0.0047351201,-0.0008078106,-0.0011878177
2015-08-10,0.012726836,0.012726836,0.0057416819,0.0096862791,0.010529778,0.0118135605,0.0089717964
2015-08-11,-0.009603065,-0.009603065,-0.0032544162,-0.0075226501,-0.0058474941,-0.0052058995,-0.0062918426
2015-08-12,0.0009496039,0.0009496039,-0.0030280233,-0.0007656999,0.0011304608,0.0020001102,0.0031105811
2015-08-13,-0.0012760257,-0.0012760257,0.0003136024,-0.0029782522,-0.0032617387,-0.0030731931,-0.0028006008
2015-08-14,0.003904332,0.003904332,0.0059715919,0.0005081184,0.0035979645,0.0038457308,0.0030032471
2015-08-17,0.0051978915,0.0051978915,0.0042995224,0.0051019844,0.0054465504,0.0020403946,0.0068165939
2015-08-18,-0.0026289827,-0.0026289827,0.0024362365,-0.0016813651,-0.0035101874,-0.0023309272,-0.0038236324
2015-08-19,-0.0082891367,-0.0082891367,-0.0060728965,-0.0065770373,-0.0058474937,-0.0141265057,-0.0062918426
2015-08-20,-0.0213259605,0.02,-0.0060728965,-0.0065770373,-0.0058474941,-0.0052058995,-0.0062918426
2015-08-21,-0.0323692421,0.02,-0.0060728956,-0.0065770373,-0.0058474941,-0.0053269099,-0.0062918402
2015-08-24,-0.0402114445,0.02,-0.0060728984,0.0145576512,-0.0058474941,-0.0052058995,-0.0062918402
2015-08-25,-0.01361425,-0.01361425,-0.0060728979,-0.0085690394,-0.0058474937,-0.0052058995,-0.0062918426
2015-08-26,0.0382912997,0.0382912997,0.0271685459,0.0245407466,0.028850086,0.0155901974,0.0380004644
2015-08-27,0.0240072543,0.0240072543,0.0169514455,0.0251564812,0.0233979449,0.0155901955,0.0239131562
2015-08-28,0.0006085512,0.0006085512,-0.0048755603,-0.0011299849,0.0005469439,0.0015352303,0.0010551647
2015-08-31,-0.0084270785,-0.0084270785,-0.0060728965,-0.0059570875,-0.0058474946,-0.0047529228,-0.0054942332
2015-09-01,-0.0300226498,0.02,-0.0060728975,-0.0090395994,-0.0058474941,-0.0052058995,-0.0062918402
2015-09-02,0.018127671,0.018127671,0.0121615352,0.0113721862,0.0138840405,0.0144308293,0.0148835871
2015-09-03,0.0011641159,0.0011641159,0.0074391775,0.0047848541,0.0042972006,0.0044032205,0.0055913078
2015-09-04,-0.0154483087,-0.0154483087,-0.0060728979,-0.0108085833,-0.0058474946,-0.00759238,-0.0062918426
2015-09-08,0.024773637,0.024773637,0.0233826526,0.024155708,0.020218771,0.0155901974,0.0238016993
2015-09-09,-0.0139950357,-0.0139950357,-0.0060728965,-0.0065770373,-0.0058474937,-0.0071689729,-0.0062918426
2015-09-10,0.0052640754,0.0052640754,-0.0004976657,0.0005642138,0.0017395131,-0.0003807656,0.0025653793
2015-09-11,0.0044770066,0.0044770066,0.004954095,0.0018595476,0.00210163,0.0001533367,0.0023830095
2015-09-14,-0.0040980415,-0.0040980415,-0.0029747053,-0.0069003589,-0.0045634294,-0.0033913217,-0.0036450974
2015-09-15,0.0127496879,0.0127496879,0.0103049772,0.0098881051,0.0119246533,0.0091051012,0.0120361485
2015-09-16,0.0086677408,0.0086677408,0.0049181199,0.0083618332,0.0083845751,0.0089943903,0.010391226
2015-09-17,-0.0025643447,-0.0025643447,-0.002097575,-0.002699174,-0.0042656981,0.0001393408,0.0002434966
2015-09-18,-0.016296231,-0.016296231,-0.0060728965,-0.0097194389,-0.0058474946,-0.0052058995,-0.0062918402
2015-09-21,0.0045553923,0.0045553923,0.0104355989,0.0020548105,-5.81503845751E-05,0.000963782,0.0037008263
2015-09-22,-0.0123949303,-0.0123949303,-0.0060728965,-0.0065770373,-0.0058474937,-0.0052058995,-0.0062918426
2015-09-23,-0.002050744,-0.002050744,0.0022080028,-0.0051103067,-0.0058474937,-0.0052058995,-0.0039914572
2015-09-24,-0.0033686521,-0.0033686521,-0.0030793548,-0.0012989994,-0.0003980915,-0.0010729767,-0.0024234247
2015-09-25,-0.0004659016,-0.0004659016,0.0120227309,0.0026467945,0.0027950713,0.0018644631,0.0051410291
2015-09-28,-0.026001211,0.02,-0.0060728951,-0.0065770373,-0.0058474937,-0.0052058976,-0.0062918402
2015-09-29,0.0012320938,0.0012320938,0.0023473026,0.0036995932,0.0039324984,0.0027247686,0.0030320166
2015-09-30,0.0188958984,0.0188958984,0.0115118334,0.0169133581,0.0165389776,0.0155901965,0.0193680115
2015-10-01,0.0019719387,0.0019719387,-0.0006202944,-0.0013386998,0.0022448124,0.0028457986,0.0034025479
2015-10-02,0.014213793,0.014213793,0.007675861,0.0145812538,0.0176529288,0.0155901974,0.0146728829
2015-10-05,0.0181245938,0.0181245938,0.0173135735,0.0192741659,0.0164334252,0.0155901965,0.0174151529
2015-10-06,-0.0035946894,-0.0035946894,-0.0060728979,0.000050053,-0.003441582,-0.0031668749,-0.0042957719
2015-10-07,0.0080035198,0.0080035198,0.011231483,0.0131184654,0.0113698309,0.0117657911,0.0099534653
2015-10-08,0.0087797803,0.0087797803,0.0117610944,0.013091282,0.0122162616,0.0094104204,0.0111464299
2015-10-09,0.0007248486,0.0007248486,-0.0002348134,-0.00301826,-0.0011855415,0.0004034275,0.0014752373
2015-10-12,0.0012746643,0.0012746643,0.0052934,-0.0003676936,0.0003516218,0.0001936145,0.0008470966
2015-10-13,-0.0068488239,-0.0068488239,-0.0060728965,-0.0065770373,-0.0058474941,-0.006733181,-0.0062918426
2015-10-14,-0.0047274308,-0.0047274308,-0.0060728965,-0.0015744995,-0.0037768397,0.0005378621,-0.0018375139
2015-10-15,0.0147435513,0.0147435513,0.0108607514,0.0080523677,0.0089173364,0.0115158642,0.0118069518
2015-10-16,0.0045600614,0.0045600614,0.006912658,0.0029514879,0.0033869892,0.0031717792,0.0029811934
2015-10-19,0.000270509,0.000270509,0.0043602958,0.0013110209,-0.0003463631,-0.0008496698,-0.0008944529
2015-10-20,-0.0014221007,-0.0014221007,0.0055294577,-0.0039206129,-0.0023460875,-0.0025507547,-0.0005234294
2015-10-21,-0.0058424493,-0.0058424493,0.0013545277,-0.0042548329,-0.0033481983,-0.0037772767,-0.0036537151
2015-10-22,0.0164908473,0.0164908473,0.0163152851,0.0100224232,0.0084665688,0.0146230888,0.015087558
2015-10-23,0.0109699537,0.0109699537,0.000685791,0.0068713147,0.0072306711,0.0155901955,0.010404814
2015-10-26,-0.0019149327,-0.0019149327,-0.0016944497,-0.003269054,-0.0027679775,-0.0017500706,0.0005383813
2015-10-27,-0.0025573858,-0.0025573858,0.0044866558,0.0020173397,-0.0002151211,-0.0019532815,0.0008495329
2015-10-28,0.0117704884,0.0117704884,0.0053792764,0.0066878479,0.0052779596,0.0069415811,0.0089630559
2015-10-29,-0.0004498756,-0.0004498756,0.0007390715,-0.0005643684,-0.0020311263,0.0001535583,-0.002079335
2015-10-30,-0.0048214818,-0.0048214818,-0.0060728965,-0.0034105126,-0.0036132955,-0.001246782,-0.0027254848
2015-11-02,0.0118038766,0.0118038766,0.0076039191,0.0100435698,0.0090503898,0.0114506353,0.0107878167
2015-11-03,0.0027243528,0.0027243528,-0.0026532719,0.0035099871,0.0013938015,0.0035211593,0.0023149783
2015-11-04,-0.0035516667,-0.0035516667,-0.0048361938,-0.0044344086,-0.0058474941,-0.0052058995,-0.0057094712
2015-11-05,-0.0011327898,-0.0011327898,0.001546666,-0.0055436585,-0.0054364423,-0.0031786431,-0.0062918426
2015-11-06,-0.000347682,-0.000347682,-0.0040114978,-0.0064227059,-0.0058474937,-0.0052058995,-0.0012169383
2015-11-09,-0.0098712906,-0.0098712906,-0.0060728979,-0.0065770373,-0.0058474941,-0.0052058995,-0.0062918426
2015-11-10,0.0015094554,0.0015094554,0.0053500636,0.0018024519,0.0010242006,0.0026961453,0.0021560779
2015-11-11,-0.0032333075,-0.0032333075,-0.0003806809,-0.0040414575,-0.0041021295,-0.0023352765,-0.0033068308
2015-11-12,-0.0140891632,-0.0140891632,-0.0060728951,-0.0092502944,-0.0058474937,-0.0052058976,-0.0062918426
2015-11-13,-0.0112706406,-0.0112706406,-0.0060728951,-0.0056540724,-0.0119182868,-0.0065218527,-0.0056662252
2015-11-16,0.0147933026,0.0147933026,0.0142355831,0.0147403162,0.0146322949,0.0122494902,0.0144621804
2015-11-17,-0.001340277,-0.001340277,-0.0012175087,-0.002279643,-0.0023923242,-0.0026084054,0.0015349928
2015-11-18,0.01603323,0.01603323,0.014087121,0.0132768666,0.0168117806,0.0155901955,0.0171583276
2015-11-19,-0.0011237404,-0.0011237404,0.0018101437,-0.0004972909,-0.0022392615,-0.0010960437,-0.0017914101
2015-11-20,0.0038029555,0.0038029555,0.0045160232,-0.0002601538,0.0012286482,-0.0003481694,0.0029828092
2015-11-23,-0.0012356238,-0.0012356238,-0.0001346814,0.002224829,0.0034463359,0.002467202,0.0019448325
2015-11-24,0.0012212501,0.0012212501,-0.0020910962,0.001837071,0.002753715,0.00261808,0.005604594
2015-11-25,-0.0001291409,-0.0001291409,-2.85552814603E-05,-0.0016885959,-0.002330336,-0.0007980242,0.0004898049
2015-11-27,0.0005934414,0.0005934414,0.0017476883,-0.0008687191,-0.0003768229,0.0009264098,0.0026815822
2015-11-30,-0.0046518,-0.0046518,-0.0046749031,-0.002292417,-0.0037888482,-0.0071997419,-0.0023370376
2015-12-01,0.0106239391,0.0106239391,0.0098037599,0.013101737,0.0110078594,0.0095719062,0.0109886825
2015-12-02,-0.0110565926,-0.0110565926,-0.0045359004,-0.0072275773,-0.0058474941,-0.0052058976,-0.0062918426
2015-12-03,-0.0144778266,-0.0144778266,-0.0060728965,-0.0065770373,-0.0058474941,-0.0052058995,-0.0062918426
2015-12-04,0.0203178563,0.0203178563,0.0215438455,0.0162364282,0.0150709758,0.0155901965,0.0196766257
2015-12-07,-0.0070140439,-0.0070140439,-0.0028321678,-0.0065770373,-0.0058474941,-0.0052058995,-0.0062918426
2015-12-08,-0.0065110524,-0.0065110524,-0.0039668968,-0.0068089478,-0.0058474937,-0.0045246314,-0.0035101904
2015-12-09,-0.0077690865,-0.0077690865,-0.0060728965,-0.0076576509,-0.0049875621,-0.0056651998,-0.0036020128
2015-12-10,0.0022488564,0.0022488564,0.0019188039,-0.0013760254,0.0016172305,0.0015094439,0.0037777005
2015-12-11,-0.0196138676,-0.0196138676,-0.0060728965,-0.0065770373,-0.0058474946,-0.0052058995,-0.0062918426
2015-12-14,0.0047442879,0.0047442879,0.0047896653,0.0023704786,0.0021638917,-0.0001497213,0.0024912069
2015-12-15,0.0105625802,0.0105625802,0.0146218399,0.0146138109,0.0127443215,0.0155901965,0.0136484597
2015-12-16,0.0144106356,0.0144106356,0.0141557017,0.015047051,0.0141937407,0.0146413445,0.0150732305
2015-12-17,-0.0151547763,-0.0151547763,-0.0060728979,-0.0089853704,-0.0058474937,-0.0052058995,-0.0062918426
2015-12-18,-0.0179574951,-0.0179574951,-0.0060728965,-0.0108102039,-0.0058474941,-0.0160419364,-0.0062918426
2015-12-21,0.0077483064,0.0077483064,0.0066065369,0.0089759082,0.0075752083,0.0144178858,0.0081928484
2015-12-22,0.0087780959,0.0087780959,0.008569709,0.0075807273,0.010126722,0.0155901965,0.0110605285
2015-12-23,0.0123415964,0.0123415964,0.0071511818,0.0119494284,0.0114116454,0.0135986535,0.0162397604
2015-12-24,-0.0015999155,-0.0015999155,-0.0006946931,0.0004419088,-0.0002377313,-0.0002911724,9.5050316304E-05
2015-12-28,-0.0021809363,-0.0021809363,0.002710091,-0.0027964935,-0.0058474937,-0.0027904678,-0.0026928918
2015-12-29,0.010573664,0.010573664,0.0103225308,0.0091300327,0.0098303305,0.0083331726,0.0089255013
2015-12-30,-0.0072433988,-0.0072433988,-0.0059512188,-0.0065770373,-0.0058474946,-0.0052058995,-0.0054010823
2015-12-31,-0.009456485,-0.009456485,-0.0060728979,-0.0109078214,-0.0058474937,-0.0094873384,-0.0062918426
