Date,^STI,0,1,5,10
2014-01-03,-0.0136948256,-0.0117188338,-0.0127960648,-0.0041075563,-0.0098099466
2014-01-06,-0.0024459,-0.0007552123,-0.0013679634,0.0019099442,-0.0003175931
2014-01-07,-0.0009416578,-0.0056798952,-0.0065667559,-0.0006680936,-0.0002893833
2014-01-08,0.0094937738,-0.0019838223,-0.0027541677,0.003381853,0.0035579726
2014-01-09,-0.0016645303,0.0004836419,0.0006097425,-0.0009676348,-0.001783045
2014-01-10,-0.000489657,0.0004700096,0.0005879798,0.0003579715,-0.0007100198
2014-01-13,-0.0026691038,-0.0044376524,-0.0052853529,0.0008893656,-0.000531815
2014-01-14,-0.0037512554,-0.0056901751,-0.0065773609,-0.003405503,-0.0009691669
2014-01-15,0.0062230933,-0.0019838223,-0.0027541677,-0.0001906417,0.0047189454
2014-01-16,-0.0008943978,-0.0019838223,-0.0027541677,-0.0020085806,-0.0019073784
2014-01-17,0.0021916004,-0.0007449305,-0.0013515502,0.0048817052,0.0001293728
2014-01-20,-0.0059081383,-0.0032227123,-0.0040321136,-0.0004540375,-0.0056016147
2014-01-21,0.0015872039,-0.0007449305,-0.0013515502,0.0007874733,0.0013797637
2014-01-22,-6.3885121655E-06,0.0004836419,0.0006097425,0.0056071882,0.0039172135
2014-01-23,-0.0107476516,-0.0069325324,-0.007858878,-0.0046353294,-0.0087236036
2014-01-24,-0.0078527272,-0.0032296628,-0.0040392829,-0.0047039567,-0.007916851
2014-01-27,-0.0109702815,-0.0019838223,-0.0027541677,-0.002332068,-0.0111668836
2014-01-28,0.0065456431,0.0029787128,0.001392147,0.0021327175,0.004346312
2014-01-29,-0.0047395096,-0.0032192683,-0.0040285597,0.0010337401,-0.0013823612
2014-01-30,-0.0068179523,-0.0044650696,-0.0053136353,-0.0016874904,-0.0060508307
2014-02-03,-0.0120536507,-0.0044790087,-0.0053280122,-0.0043514306,-0.0105552208
2014-02-04,-0.0084442192,-0.0044931062,-0.0053425529,-0.0032140277,-0.0063304752
2014-02-05,-0.0019271241,-0.0019838223,-0.0057685594,-0.0033490676,-0.0021110307
2014-02-06,0.0094749283,-0.0007274076,0.003125496,0.0099918144,0.0074241916
2014-02-07,0.0082880575,0.0005183923,0.0006586162,0.0055442415,0.0092703532
2014-02-10,0.0013465439,0.0005043759,-0.0039337138,-0.0008024629,0.0005432777
2014-02-11,0.0039363453,0.0004905127,0.0006207149,0.0054494399,0.0041642142
2014-02-12,0.0020940895,-0.0044581583,-0.0053065033,0.0020693215,-0.0001115883
2014-02-13,0.0014649203,-0.0019838223,0.003125496,0.0060297954,0.0028364891
2014-02-14,-0.0003915175,-0.0032261778,-0.0073910109,-0.0011999393,-0.0034932811
2014-02-17,0.0100099454,-0.0007414659,-0.0013460177,0.0065091639,0.0087698316
2014-02-18,0.0004885946,-0.0019838223,0.003125496,0.0027778102,-0.0007762639
2014-02-19,0.0058478307,0.0004905127,0.0006207149,0.0046137604,0.0025213752
2014-02-20,-0.0006963551,-0.0019838223,-0.0057685594,0.0007570963,-0.0016484484
2014-02-21,0.0042964227,0.0004768078,0.0005988311,-0.0001628604,0.0013754824
2014-02-24,0.0019047299,0.0028969101,0.001360457,0.0044109756,0.003425451
2014-02-25,-0.0007150287,0.0016418495,0.0008742441,0.0008047316,-0.0022588335
2014-02-26,-0.0049646224,-0.0007818118,-0.0014104284,-0.0019055475,-0.0051084645
2014-02-27,0.0027453546,-0.0031858319,-0.00399407,0.0071652727,0.0068511199
2014-02-28,0.0045235659,0.0004169522,0.003125496,0.0080369292,0.0064203795
2014-03-03,-0.007521532,-0.0067984182,-0.0077205379,-0.0005525239,-0.0075123981
2014-03-04,0.0055683248,0.0004300009,0.003125496,0.0113687404,0.0062219668
2014-03-05,0.0038351634,0.0004169522,0.0005032807,0.0029675188,0.0061139865
2014-03-06,0.0040123046,-0.0031825872,-0.0039907224,0.001823076,0.0005995603
2014-03-07,0.0022632417,0.0016028113,0.0008591206,0.0021016272,0.0023342911
2014-03-10,-0.0030753006,-0.0043716878,-0.0052173105,-0.0037178611,-0.001341816
2014-03-11,0.0008855518,-0.0019838223,-0.0027541677,0.005559403,-0.0002815537
2014-03-12,-0.0102685481,-0.004384595,-0.0052306247,-0.0027820272,-0.0051207077
2014-03-13,-0.0051919543,0.0004169522,0.0005032807,-0.0021973876,-0.0038621239
2014-03-14,-0.0024922142,-0.0067984182,-0.0077205379,-0.0004289355,0.0021139234
2014-03-17,0.0059748282,-0.0031956704,-0.0040042177,0.0033385223,-0.0001612175
2014-03-18,0.000549693,-0.0007719742,-0.0013947207,-4.17353585362E-05,0.0027087526
2014-03-19,-0.0042399924,-0.0019838223,0.003125496,0.0060807643,0.0004606145
2014-03-20,-0.0076736255,-0.0044108359,-0.0086004082,-0.0035613878,-0.011455657
2014-03-21,0.0052817037,0.0028570136,0.0013450003,0.0023542214,0.0032950733
2014-03-24,0.0124298505,0.0004169522,0.0005032807,0.0054200152,0.0086620068
2014-03-25,-0.0024646589,0.0004040441,0.0004826754,-0.0010795444,-0.003303146
2014-03-26,0.0125332441,-0.0007946854,-0.0014309785,0.0083883777,0.0116293719
2014-03-27,0.0060706056,-0.0007978603,-0.0014360482,0.0048122127,0.0041176043
2014-03-28,0.0030656783,-0.0031697825,-0.0039775157,0.001854266,0.0042942809
2014-03-31,0.0051723863,0.0003849426,0.0004521792,0.0003539678,0.0029920246
2014-04-01,0.0030999511,0.0003723754,0.0004321183,-0.0005983924,-0.0004108474
2014-04-02,-0.0017961894,-0.005522822,-0.00640473,0.0084294453,9.06363129616E-06
2014-04-03,0.0085079915,0.0027286042,0.0012952554,0.008383601,0.0070870174
2014-04-04,-0.0022820899,-0.0090713464,-0.0100651216,-0.0021210779,-0.0050541107
2014-04-07,-0.0059722179,0.0003912738,0.0004622901,-0.0054409401,-0.0057491623
2014-04-08,0.0032824427,-0.0019838223,-0.0027541677,0.0107521499,0.0043668449
2014-04-09,0.0018178442,0.0015551797,0.0008406679,0.0013088519,0.0022999719
2014-04-10,-0.0019770316,-0.0019838223,-0.0027541677,-0.0011664601,-0.0080580134
2014-04-11,-0.0016745628,-0.0019838223,-0.0027541677,-0.0005418584,0.0009592492
2014-04-14,0.0051801074,-0.0114845522,-0.0125543959,-0.0031988556,-0.0010334104
2014-04-15,0.0097475646,-0.0019838223,-0.0027541677,0.0042516151,0.0047022384
2014-04-16,0.0021170442,-0.0043911031,-0.0052373358,0.003568843,-0.0007678643
2014-04-17,0.0001844469,-0.0007785494,-0.0014052214,0.0016266368,0.0013871957
2014-04-21,0.0006237003,-0.0019838223,-0.0027541677,0.0019781739,0.0025313795
2014-04-22,0.0066428393,0.0004169522,0.0005032807,0.0049142041,0.0045162402
2014-04-23,-0.0059735162,-0.0031825872,-0.0039907224,-0.0002534715,-0.0032361485
2014-04-24,0.0079242726,-0.0007850556,-0.0014156075,0.0034513781,0.0053455848
2014-04-25,-0.004994245,-0.004384595,-0.0052306247,-0.0024296828,-0.0032238681
2014-04-28,-0.0076372223,0.0016124886,0.0031254925,0.0018338347,-0.0039127283
2014-04-29,-0.0015338355,0.0027664066,0.0031254957,0.0065272884,0.002504806
2014-04-30,0.0082953735,-0.0031666234,-0.0039742566,0.0048262668,0.0025548898
2014-05-02,-0.0037316069,0.0003786432,0.0004421223,0.0032100305,-0.0024879016
2014-05-05,-0.0033722538,-0.0031634821,-0.003971017,-0.0010880884,-0.0044428874
2014-05-06,0.0012208613,-0.0008041607,0.0031254957,0.0038603982,0.0043671848
2014-05-07,-0.0028170772,0.0015364778,-0.0020948523,-0.0030264994,-0.0043178461
2014-05-08,0.0034731068,-0.0019838223,0.0031254962,0.0041396711,0.000690016
2014-05-09,0.0013661741,0.0003476394,0.0003926279,0.0010230215,-0.0010366421
2014-05-12,-0.0091744181,0.0003354624,-0.0018817023,-0.0009573251,-0.0055465028
2014-05-14,0.0113123301,0.0003234167,0.0003539578,0.0067138518,0.0111594349
2014-05-15,0.0041031177,0.0003114911,0.0031254957,0.0018554665,0.0047012307
2014-05-16,-0.0030297745,-0.0042791348,-0.0051218369,0.0003109705,-0.004077049
2014-05-19,-4.90898110783E-05,-0.0019838223,-0.0027541677,0.0021112412,0.0010359008
2014-05-20,0.0009313988,0.0003114911,-0.0018774471,-0.002010324,-9.59048047662E-05
2014-05-21,-0.001130627,-0.0031299954,-0.0039364733,0.0028564772,-0.0036643073
2014-05-22,0.0011887918,-0.0019838223,-0.0027541677,0.0035605393,0.0016770735
2014-05-23,0.0037777284,-0.0054401988,0.0010223228,0.003118149,0.0036833417
2014-05-26,0.0014814626,-0.0019838223,-0.0027541677,0.002455431,-0.0011975672
2014-05-27,-0.0026902273,-0.0019838223,-0.0027541677,0.0017918833,0.0006292798
2014-05-28,-0.0006782783,-0.004303108,0.0022032228,0.0050897007,0.0006321371
2014-05-29,0.0087850403,0.003791838,0.001707154,0.0061403266,0.007259727
2014-05-30,-0.001473454,-0.0183488056,-0.0196350366,-0.0091478145,-0.0121080577
2014-06-02,0.001936892,0.0051037027,0.0022153715,0.004132404,0.0031400127
2014-06-03,-0.0016881786,0.0003537722,0.0004024224,0.0025204979,0.0007558251
2014-06-04,-0.0050176179,-0.0008196216,-0.0014707861,-0.0013500452,-0.0022473577
2014-06-05,-0.0001615989,-0.0054856185,-0.0063663521,0.0041764304,-5.35603612661E-05
2014-06-06,0.006016078,0.0026791319,0.0012760889,0.0018965574,0.0064217923
2014-06-09,0.0017472653,-0.0019838223,-0.0027541677,0.0015268493,0.0002792077
2014-06-10,-0.0034489649,-0.000825692,-0.0014804788,0.0008577434,-0.002881119
2014-06-11,-0.0011482715,-0.004303108,-0.0075567984,-0.0017938446,-0.0002743425
2014-06-12,0.0009023086,0.0026427009,0.0012619758,0.003862448,0.0007690238
2014-06-13,0.000072876,-0.0066103451,-0.007526536,0.0001999689,-0.0014130902
2014-06-16,-0.0009083271,0.0026427009,0.0012619758,-0.0005154004,0.0001580101
2014-06-17,-0.004819748,-0.0031359419,-0.0039426074,0.0008083573,-0.0027305651
2014-06-18,0.0007205073,-0.0019838223,-0.0027541677,0.0018322701,-0.00046877
2014-06-19,-0.0023770995,-0.0054582246,-0.0063380967,0.0039886134,-0.0005430365
2014-06-20,-0.0031312074,-0.0043152831,-0.0051591243,-0.0013805069,-0.0014704801
2014-06-23,-0.0004297434,0.0003476394,0.0003926279,0.0002076337,-0.0010002181
2014-06-24,0.0014204088,-0.0031480212,-0.0039550695,0.0030773198,0.0018819431
2014-06-25,-0.0001502214,-0.0043214178,-0.0051654526,-0.0023775399,-0.0030776933
2014-06-26,0.005207884,0.0026791319,0.0012760889,0.0035067592,0.0046699829
2014-06-27,-0.0022963232,-0.0043091783,-0.0051528295,-0.0001848219,-0.0022408143
2014-06-30,-0.0047129816,-0.0043214178,-0.0051654526,-0.0004636236,-0.0029894765
2014-07-01,-0.0040102879,-0.0031572497,-0.0039645862,-0.0017523561,-0.0043612886
2014-07-02,0.0065380564,-0.0019838223,-0.0027541677,0.0029691327,0.0055574551
2014-07-03,0.0028269578,0.0003599422,0.0031254957,0.0048056873,0.0005216058
2014-07-04,-0.0002749724,-0.0043275859,-0.0075887651,-0.0014904244,-0.0026747547
2014-07-07,0.0058868536,0.0015272009,0.0008298298,0.0039997678,0.0058277845
2014-07-08,-0.0025034515,-0.0019838223,-0.0027541677,0.000795492,0.0004663123
2014-07-09,-0.0024029184,-0.0019838223,-0.0027541677,-0.001126959,-0.0010687858
2014-07-10,-0.0018212373,-0.0019838223,-0.0027541677,-0.0006124247,-0.0026857629
2014-07-11,0.0073835871,-0.0019838223,-0.0027541677,0.0041596657,0.0003783507
2014-07-14,-0.0008352684,-0.0054948451,-0.0063758702,-0.0012109615,-0.0020712409
2014-07-15,0.0001336722,-0.0043400181,-0.0051846416,0.000867785,-0.000787206
2014-07-16,0.003944913,-0.0008041607,-0.0014461041,0.0038566403,0.0033973865
2014-07-17,0.0007441664,-0.0008072872,-0.0014510932,0.0028059678,0.0027402062
2014-07-18,0.0011001679,-0.0031603584,-0.0039677927,0.0005807327,-0.0010914356
2014-07-21,0.0011290881,-0.0008072872,-0.0014510932,0.0023270613,-0.0001800936
2014-07-22,0.0007962059,-0.0008103931,-0.0014560549,0.0023941137,0.0009310599
2014-07-23,0.0071467511,-0.0031572497,-0.0039645862,0.0024785157,0.0017959615
2014-07-24,0.0039404831,-0.0019838223,0.0031254957,0.0062041921,0.0021272674
2014-07-25,-0.0011097668,-0.0008103931,-0.0014560549,0.0007723449,-0.0013096286
2014-07-29,0.0017625819,-0.0019838223,-0.0027541677,0.0017539142,-2.21394002438E-05
2014-07-30,-0.0007243737,-0.0031572497,-0.0060603698,-0.0028325859,-0.0042771194
2014-07-31,0.0060675088,-0.0019838223,-0.0027541677,0.0010954244,0.0014257645
2014-08-01,-0.0088235224,-0.0031603584,-0.0039677927,-0.0016668411,-0.0043692924
2014-08-04,-0.0078105526,-0.0019838223,-0.0027541677,-0.0003058417,-0.0002190303
2014-08-05,0.0027896264,-0.0019838223,0.0031254957,0.0014544772,0.0004971605
2014-08-06,-0.0022382843,0.0015364778,0.0008334236,0.0028453842,-0.0026602801
2014-08-07,-0.0018117585,-0.0031541577,-0.0039613969,0.0003840961,-0.0056643002
2014-08-08,-0.0076722038,-0.0031572497,-0.0039645862,6.31343573332E-06,-0.0054236334
2014-08-11,0.0053250022,-0.0043400181,-0.0051846416,0.0013724519,0.0003121411
2014-08-12,-0.0009259099,0.0003723754,0.0004321183,0.0020624436,0.0011525964
2014-08-13,-0.0005995582,-0.0031603584,-0.0060644294,-0.0005771816,-0.0031483155
2014-08-14,-0.0019950263,-0.0043462859,-0.0051911059,0.0009539807,-0.0007419959
2014-08-15,0.0060336487,0.0015551797,0.0031254957,0.0076373718,0.005183314
2014-08-18,-0.0006005209,-0.0043400181,-0.0051846416,0.000158201,-0.0029771049
2014-08-19,0.0011011579,-0.0019838223,-0.0027541677,0.0014151856,-0.001220433
2014-08-20,0.0021746645,-0.0008041607,0.0031254957,0.0032335976,0.0013710698
2014-08-21,0.0001324318,-0.0031634821,-0.003971017,-0.0007866221,-0.0032855403
2014-08-22,0.0004240598,0.0003723754,0.0004321183,0.0020187572,-0.0016634148
2014-08-25,0.0014363545,-0.0031603584,0.0031254941,0.0063069733,0.0034233266
2014-08-26,-0.0021823792,-0.0008072872,-0.0027651023,-0.0004188344,-0.0032259896
2014-08-27,0.0055338115,-0.0008103931,0.0031254957,0.0045148614,0.0065350034
2014-08-28,-0.0033694664,-0.0031572497,0.0022509322,0.0020583961,-0.0016317721
2014-08-29,-0.0009402847,-0.0019838223,0.0031254957,0.0027584862,-0.001183941
2014-09-01,-0.0039029641,0.0003599422,-0.0013879226,-0.0014705705,-0.0017943922
2014-09-02,0.0042665674,-0.0008165613,-0.0014659017,0.0034665829,0.0045727063
2014-09-03,0.0061314424,-0.0031510824,-0.0039582239,0.0047841598,0.0040349271
2014-09-04,-0.0007258826,0.0015087933,0.0008226992,0.0023835963,-0.0010787947
2014-09-05,-0.0013786066,-0.0031449795,0.0031254957,0.0019673919,-0.0010045338
2014-09-08,-0.0019589994,-0.0031480212,-0.0057706772,-0.001641768,-0.0031975675
2014-09-09,0.0023269988,-0.0031510824,-0.0039582239,0.0014733188,-0.0005410369
2014-09-10,-0.0012961222,-0.0008165613,0.0031254957,0.0022922596,-0.000186393
2014-09-11,0.0025875762,-0.0019838223,0.0031254957,0.0031210529,-0.0003257785
2014-09-12,-0.0005169652,0.0003415355,-0.0013074237,0.0011316705,-0.0028534532
2014-09-15,-0.0099369933,-0.007820202,-0.008774532,-0.0029100999,-0.0076616425
2014-09-16,-0.0121032028,-0.0031603584,-0.0057714633,-0.0042667659,-0.0078888983
2014-09-17,0.0072643034,-0.0008072872,-0.0014510932,0.005562725,0.005216849
2014-09-18,0.0002457044,-0.0008103931,-0.0014560549,0.0012408607,0.0006257128
2014-09-19,0.0023506858,-0.0008134879,-0.0014609923,0.0034554023,0.0016452093
2014-09-22,-0.002569062,-0.0043275859,-0.0051718173,5.94286248088E-05,-0.0023009609
2014-09-23,0.0004609851,-0.0019838223,-0.0027541677,0.0002768459,-0.0002615256
2014-09-24,-0.0016022182,0.0015272009,0.0008298298,-0.0019424567,-0.0031012427
2014-09-25,-0.0005528932,-0.0008196216,-0.0014707861,0.0056226053,0.0034338683
2014-09-26,0.0003706316,-0.0031480212,-0.0039550695,-0.0020943051,-0.002719067
2014-09-29,-0.000756614,-0.0019838223,-0.0027541677,0.0026805094,-3.39476391673E-05
2014-09-30,-0.0039534233,-0.0008196216,0.0031254957,-0.000777333,-0.0034407526
2014-10-01,-0.0038679854,-0.0031480212,-0.0039550695,-0.0038949652,-0.0051207002
2014-10-02,-0.0108983726,-0.0031510824,-0.0057448023,-0.005700103,-0.0133803189
2014-10-03,0.0075687552,0.0026669241,0.00127136,0.0031035095,0.0076966668
2014-10-07,-0.0028473692,-0.004303108,-0.0051465663,0.0006311284,-0.0011423538
2014-10-08,-0.0053410204,0.0014905804,0.000815643,0.0002180301,-0.0045327712
2014-10-09,0.0100340774,-0.0077896845,-0.0087430533,0.0037316279,0.005449635
2014-10-10,-0.01091457,-0.0031541577,-0.0039613969,-0.002616859,-0.0062714424
2014-10-13,-0.0067601089,-0.0019838223,-0.0027541677,0.0002564685,-0.005263241
2014-10-14,-0.0024231825,-0.0031572497,-0.0039645862,0.0018418133,-0.0013284013
2014-10-15,0.0013514746,-0.0008103931,-0.0014560549,-0.0001505669,-0.0001612129
2014-10-16,-0.0140126646,-0.0031572497,-0.0039645862,-0.0060761971,-0.0133700017
2014-10-17,0.0042771807,-0.0019838223,-0.0027541677,0.0061314749,0.006321115
2014-10-20,0.0041961096,-0.0019838223,-0.0027541677,0.0028381506,0.0008175112
2014-10-21,0.0067953439,0.0038525593,0.0017306763,0.0036237538,0.0022118837
2014-10-23,0.0104858087,-0.0019838223,-0.0027541677,0.0035299873,0.0055936258
2014-10-24,-0.0043195122,-0.0043091783,-0.0051528295,0.0004834104,-0.0051096212
2014-10-27,0.0011041234,0.0003415355,0.0003828849,-0.0015303409,-0.001892224
2014-10-28,-0.004492317,-0.0019838223,-0.0027541677,-0.0011554817,0.0003699046
2014-10-29,0.0038473455,0.0003294237,0.0003635504,0.005005938,0.0041385693
2014-10-30,0.0031834925,0.0003174376,0.0031254957,0.0018954035,-0.0001903791
2014-10-31,0.0122732039,0.0003055762,0.0003254795,0.0055527706,0.0078331064
2014-11-03,0.0050540429,-0.0031270469,-0.0057134111,0.0023256419,-0.0014699465
2014-11-04,-0.0028208909,-0.0019838223,-0.0027541677,-0.0029979888,-0.0053551625
2014-11-05,0.0018175895,-0.0019838223,-0.0027541677,0.0026198067,-0.0033221059
2014-11-06,0.0010397271,0.0002996912,0.0003160834,0.0010467432,0.0005727941
2014-11-07,-0.0013896383,-0.0031241113,-0.0039304025,0.0005880659,-0.0046676453
2014-11-10,0.0044357875,-0.0008435342,-0.0015089586,0.0035107117,0.0017741658
2014-11-11,-0.0026846359,-0.0008464539,-0.0015136204,0.0045051249,0.0018012235
2014-11-12,-0.0025669481,-0.0008493578,-0.0015182588,-0.0004551588,-0.0032302197
2014-11-13,0.0064414036,-0.0019838223,-0.0027541677,-0.0044534868,0.0019834489
2014-11-14,0.0032444188,0.0002764482,0.0031254957,0.0003603725,-0.0013343012
2014-11-17,-0.0081764873,-0.0076562129,-0.0127926636,-0.0070795724,-0.0069182161
2014-11-18,0.0075912331,0.00255987,0.0012298878,0.0013908669,0.0085638817
2014-11-19,0.0062663172,-0.0019838223,0.0031254957,0.0015823422,0.0003012307
2014-11-20,-0.005702122,-0.0008551255,-0.0033823075,-0.0036784085,-0.0033460297
2014-11-21,0.0089237422,-0.0008579865,0.0031254957,0.006611513,0.005605069
2014-11-24,-0.0014328888,-0.0031096591,-0.0039154948,0.0036582276,0.0003295122
2014-11-25,0.0013342153,-0.0019838223,-0.0042664572,-0.0019923123,-0.0001301104
2014-11-26,0.0013951208,-0.0042440919,-0.0050856913,0.001926817,0.0010204855
2014-11-27,-0.0026006427,-0.0053959424,-0.0093807373,-0.0019100858,-0.0034295712
2014-11-28,0.0028514093,-0.0008435342,-0.0015089586,-0.0066387979,0.0013982262
2014-12-01,-0.0134795203,-0.0008464539,-0.0015136204,-0.0191845819,-0.0141095873
2014-12-02,0.0050332864,-0.0008493578,0.0031254957,0.008258828,0.0051985243
2014-12-03,-0.005714173,-0.003118285,0.0031254957,-0.0026621176,-0.0083775837
2014-12-04,0.0004328479,-0.0019838223,0.0031254957,0.0080878232,0.0015770504
2014-12-05,0.005904137,-0.0019838223,-0.0027541677,0.0043904744,0.0005247341
2014-12-08,-0.0080184311,-0.0088521354,-0.0098389965,-0.0064407764,-0.0084756333
2014-12-09,0.0066488801,-0.0019838223,-0.0042502941,-0.0005525444,0.0003204597
2014-12-10,0.0017966557,0.0003174376,0.0003444161,0.0029906575,0.0029885331
2014-12-11,-0.002140146,-0.0008376474,-0.0014995639,0.0004025446,-0.003955191
2014-12-12,0.0016348253,-0.0019838223,-0.0027541677,-0.0026225718,-0.0034390688
2014-12-15,-0.0090628506,-0.0042791348,-0.0072640101,-0.0030502826,-0.0083501302
2014-12-16,-0.0242897214,-0.0077745449,-0.0087274369,-0.0040072808,-0.0137310084
2014-12-17,0.0037687995,-0.0031510824,-0.0039582239,0.0072469455,0.005753736
2014-12-18,0.0050750308,-0.0008165613,-0.0014659017,0.0031041605,0.0016612662
2014-12-19,0.0110009196,0.001499665,0.0008191618,0.0062904595,0.0117809316
2014-12-22,0.0155604107,0.0037619527,0.003125496,0.0118641425,0.0111983661
2014-12-23,0.0004652378,-0.0019838223,-0.0042664572,-0.0040499652,-0.0029401109
2014-12-29,0.0105012551,0.00255987,0.0031254955,0.0104091465,0.0099574067
2014-12-30,-0.0004692251,-0.0031153951,-0.0057442295,-0.0002286006,-0.000272763
2014-12-31,-0.0002852973,-0.0042556543,-0.0050976188,0.0018835152,0.0005068267
2015-01-02,0.0016153198,-0.0019838223,0.0031254957,0.0070164949,0.0008536717
2015-01-05,-0.0126321666,-0.007714767,-0.0117507596,-0.0057086991,-0.01199737
2015-01-06,-0.0140179197,-0.0066224253,-0.0075389952,-0.0046813553,-0.011523718
2015-01-07,0.0049876647,0.0003415355,0.0031254957,0.0047160885,-0.0006362386
2015-01-08,0.0140742022,0.0026306831,0.0012573205,0.003928829,0.0045023225
2015-01-09,-0.0019959956,-0.0065983273,-0.0020912276,-0.0022283616,-0.0035332292
2015-01-12,0.0019301618,-0.0019838223,-0.0027541677,0.0005070344,-0.0007244479
2015-01-13,-0.0011426408,-0.0043091783,-0.0051528295,-0.0081111481,-0.0049116984
2015-01-14,-0.0044726763,-0.0054948451,-0.0008409801,-0.0002201339,-0.0042241532
2015-01-15,0.0038050086,0.0015272009,-0.0015422571,0.0010380084,0.0048236251
2015-01-16,-0.0114949804,-0.0054948451,-0.0094415247,-0.0062513007,-0.011780886
2015-01-19,0.0021245817,-0.0043400181,-0.0051846416,0.0027501509,0.0002750056
2015-01-20,0.0079257201,0.0062087569,0.0031254957,0.0038032029,0.0063026771
2015-01-21,0.0061120029,-0.0043091783,-0.0051528295,-0.0014374405,0.000703916
2015-01-22,0.0047080136,-0.0043214178,-0.0051654526,0.0083458694,0.008051672
2015-01-23,0.0121532716,-0.0031572497,0.0020690334,0.0062187817,0.008283088
2015-01-26,-0.0038120287,0.0026914021,0.0012808429,-0.0069178669,-0.0067861304
2015-01-27,0.0040171816,-0.0054856185,-0.0008298242,0.0045723789,0.0075412239
2015-01-28,0.0020347233,0.0038372604,-0.0019522351,0.0025142748,0.000375309
2015-01-29,-2.92044692234E-05,-0.0031419517,-0.0039488054,-0.0003090091,0.0024473341
2015-01-30,-0.0081789224,-0.0019838223,-0.0027541677,0.0002475604,-0.0023075715
2015-02-02,0.0094358058,-0.0043091783,-0.0051528295,0.0065762508,0.0036224863
2015-02-03,-0.0044881491,-0.0031510824,-0.0039582239,0.0009494917,-0.000548888
2015-02-04,0.0027983087,-0.0031541577,0.0019889099,0.0081279874,0.0014122883
2015-02-05,-0.0032209137,-0.0008134879,-0.0027065775,-0.0051766438,-0.0056035277
2015-02-06,0.0072478369,0.0003476394,0.0003926279,0.0120832948,0.0057542408
2015-02-09,-0.0038952733,-0.0043152831,-0.0051591243,-0.0044806441,-0.0044453088
2015-02-10,0.0047342046,-0.0019838223,-0.0027541677,-0.0006242869,0.0048145391
2015-02-11,0.0030034514,-0.0008165613,-0.0014659017,0.0024892818,0.0015684376
2015-02-12,-0.0074012891,-0.0043214178,-0.0051654526,-0.0042549567,-0.0100949332
2015-02-13,0.0020597955,-0.0031572497,-0.0039645862,0.0074528176,0.0025198078
2015-02-16,0.0002743,0.0003599422,-0.0013608057,-0.0048900871,-0.0013422118
2015-02-17,-0.003288001,-0.0019838223,-0.0027541677,-0.0032613799,-0.0032560471
2015-02-18,0.0057651181,0.0003476394,0.0003926279,0.0008386374,0.0033383472
2015-02-23,-0.0041884112,-0.0054856185,-0.0063663521,0.0010645334,-0.0014365464
2015-02-24,0.0047558835,0.0015179752,0.0008262552,-0.0016755126,-0.0007469952
2015-02-25,0.0009362504,-0.0054856185,-0.0063663521,0.000706234,-0.0026132222
2015-02-26,-0.0042668259,-0.0019838223,-0.0027541677,0.0002066484,-0.0022362582
2015-02-27,-0.0068296321,-0.0019838223,-0.0027541677,-0.0086208405,-0.0053921416
2015-03-02,0.0003025779,-0.0019838223,-0.0027541677,-0.0033385912,-0.0019045845
2015-03-03,0.0053384873,0.0003537722,0.0004024224,0.0103647774,0.0070822779
2015-03-04,-0.001924664,-0.0019838223,0.0031254957,0.005418689,0.0001771962
2015-03-05,-0.0059493947,-0.0019838223,-0.0042502941,-0.0015325928,-0.0060955957
2015-03-06,0.0065289262,-0.0019838223,0.0031254957,0.0076246704,0.0029067993
2015-03-09,-0.0037935519,-0.0019838223,-0.0027541677,-0.002765255,0.0005997652
2015-03-10,-0.0018551279,-0.0019838223,0.0031254957,-0.0051542362,-0.0064093098
2015-03-11,-0.0058050501,-0.0019838223,-0.0027541677,-0.0027124835,-0.0074184518
2015-03-12,-0.0014780362,-0.0008196216,-0.0014707861,0.0024212236,-0.0013233712
2015-03-13,-0.0032154074,-0.0054856185,-0.0088081248,0.0015156055,-0.0032224599
2015-03-16,0.0039383915,-0.0019838223,0.0031254957,0.0015579835,0.0011296133
2015-03-17,-0.0018055436,-0.0008134879,-0.0014609923,-0.002217547,-0.0012350651
2015-03-18,-0.0024362212,-0.0019838223,-0.0027541677,-0.0015586931,-0.0022768732
2015-03-19,0.0072348383,-0.0008165613,-0.0014659017,-0.0005141106,0.0021655746
2015-03-20,0.0077310506,0.0026547816,0.0031254957,0.0067650084,0.0067319679
2015-03-23,-0.0006771812,-0.0042970655,-0.0072413976,0.0013330691,-0.002126025
2015-03-24,0.0009174698,0.0003294237,0.0003635504,0.0017683441,0.0003645858
2015-03-25,0.0016861169,0.0003174376,0.0003444161,0.0014573196,-0.0003140001
2015-03-26,0.0036697701,-0.0042850804,-0.0051279715,0.0073090279,0.0021741902
2015-03-27,0.0053795083,0.0003174376,0.0003444161,0.0073068677,0.0057337601
2015-03-30,0.0012050103,-0.0031329626,0.001934921,-0.0003492115,-0.0040288642
2015-03-31,-0.0021010633,0.0003114911,0.0003349227,-0.0015016254,-0.0031156447
2015-04-01,0.000002904,-0.0019838223,0.0031254957,0.0008800561,0.000684117
2015-04-02,0.0019505018,-0.0054312553,-0.0063102772,0.0040158946,0.0043316605
2015-04-06,-0.000243269,-0.0019838223,-0.0027541677,0.0039239386,9.34489071369E-06
2015-04-07,0.0036742543,-0.0008317009,-0.001490071,0.007128119,0.0072679855
2015-04-08,-0.0014265007,-0.0008346839,-0.0027058846,-0.0037589567,-0.0018750317
2015-04-09,-0.0001097772,-0.0008376474,-0.0014995639,-0.0011103731,0.0021961881
2015-04-10,0.0034848994,-0.0031299954,-0.0039364733,0.005059592,0.0065602041
2015-04-13,0.0034527582,-0.0008376474,0.0031254957,0.0039096884,0.0031939
2015-04-14,0.0104748206,-0.0019838223,-0.0027541677,0.0031420691,0.0027461424
2015-04-15,0.005344806,-0.0065863729,-0.0026383307,0.0039146673,0.0014736205
2015-04-16,-0.002358701,0.0014725532,-0.0014628698,0.002556989,0.0023554526
2015-04-17,-0.0018195691,-0.0065983273,-0.0075141392,-0.0008066576,-0.0020642821
2015-04-20,-0.0062432097,-0.0019838223,-0.0042065955,-0.0008406918,-0.0030340515
2015-04-21,0.0015288691,-0.0031449795,0.0018447093,0.0021611247,0.0075557451
2015-04-22,-0.0035318757,-0.0019838223,-0.0027541677,2.17752531171E-05,-0.0062274691
2015-04-23,0.0018602718,-0.0019838223,-0.0027541677,0.0010791002,-0.0014929511
2015-04-24,0.002921999,0.0026427009,0.0031254955,-0.0038399091,-0.0008290615
2015-04-27,0.0008109714,-0.0008346839,-0.0014948291,0.0021374626,-0.0010247584
2015-04-28,-0.0059221931,-0.0019838223,-0.0041212509,-0.0024828734,-0.0091335215
2015-04-29,-0.002274396,0.0003055762,-0.0009046639,-0.0008057328,-0.0007034885
2015-04-30,6.88191643157E-05,-0.0031270469,-0.005870841,0.001741481,0.0024825223
2015-05-04,-0.0013457338,-0.0031299954,0.0028001068,0.0001333617,-0.0040726457
2015-05-05,-0.0033103833,-0.0008376474,-0.0024001547,0.0005881432,0.0002797376
2015-05-06,-0.0032895528,-0.0054312553,-0.0063102772,0.0006327638,-0.0014387555
2015-05-07,-0.0078374679,0.0026068343,-0.0010495321,5.98188489676E-05,-0.0007966561
2015-05-08,0.005586236,-0.0019838223,0.0028628178,0.0038761031,0.002975571
2015-05-11,0.0054284561,-0.0008435342,-0.0015089586,0.0024297256,0.0016940143
2015-05-12,-0.0082365387,-0.0042673349,-0.0051096645,0.0055738073,-0.0038127936
2015-05-13,0.0031440368,0.0002996912,0.0003160834,0.0012432346,0.0022517629
2015-05-14,0.0007555727,-0.0008464539,0.0020163762,0.002995587,0.0011591734
2015-05-15,0.0021159701,-0.0008493578,0.0031254957,0.0028046519,0.0007737922
2015-05-18,-0.0010198465,-0.0008522496,-0.0015228726,-0.0021229535,-0.0036497936
2015-05-19,-0.0015997518,-0.0019838223,-0.0038896394,0.0008280417,-0.0047673434
2015-05-20,-0.0041661477,-0.0019838223,-0.0027541677,0.0004008226,-0.0034703836
2015-05-21,0.00005238,-0.0042498605,-0.0050916388,0.002528795,-0.0006241957
2015-05-22,0.0029955799,-0.0008493578,-0.0015182588,0.0036443397,0.0042087287
2015-05-25,0.0030878681,0.0002764482,0.0031254957,0.0028857021,0.0013948707
2015-05-26,-0.000251449,-0.0042440919,-0.0050856913,-0.0018610293,-0.00335305
2015-05-27,-0.0101788668,-0.0019838223,-0.0038896394,-0.0019601667,-0.0041284077
2015-05-28,-0.0020956386,-0.0053959424,-0.0062738503,-0.0012490926,0.0018026941
2015-05-29,-0.0075361193,0.0014283,0.0007915148,0.0008376595,-0.0023030192
2015-06-02,-0.0152568455,-0.0053959424,-0.0079300329,-0.0044243159,-0.0111834221
2015-06-03,0.0027172771,-0.00427322,-0.0034595537,-0.0035286574,-0.0032446235
2015-06-04,-0.0014459162,-0.0019838223,-0.0041261022,-0.0057214471,-0.005917104
2015-06-05,-0.0033929178,-0.0042850804,-0.0034542643,0.0007972941,-0.0004605697
2015-06-08,-0.0040095768,-0.0008317009,-0.001490071,-0.0010555154,-0.0035316572
2015-06-09,-0.0076186137,-0.0042910594,-0.0068078465,-0.0117966784,-0.013943933
2015-06-10,0.0092556469,-0.0019838223,-0.0027541677,0.0064903214,0.0083079766
2015-06-11,0.0065633259,0.0003234167,0.003125496,0.0119253164,0.0081058182
2015-06-12,0.0018444107,0.0014547142,0.0031254957,0.0008064331,0.0001767874
2015-06-15,-0.0092018942,-0.0019838223,-0.0038849856,0.0022639045,-0.001396399
2015-06-16,-0.007563535,-0.0077295955,-0.0070753326,0.0020847544,-0.0051956736
2015-06-17,0.0083997547,-0.0008287039,-0.0023764675,-0.0022767587,0.0042922879
2015-06-18,-0.0076935849,-0.003138938,-0.0039456985,-0.0038770745,-0.0068521053
2015-06-19,0.000163614,0.0026187277,0.0012526889,0.0020730924,0.0019174647
2015-06-22,0.0042834798,-0.0019838223,-0.0038872901,0.001244423,-0.0006624861
2015-06-23,0.007408142,-0.0008405969,0.003125496,0.0053586285,0.0017997865
2015-06-24,0.00345236,0.0002938341,0.0003067364,0.0028478336,0.0053110635
2015-06-25,-0.0004357312,-0.0008493578,-0.002630299,0.0014829356,-0.0011216691
2015-06-26,-0.008685773,-0.0076853409,-0.0070132106,0.0032217754,-0.0035490151
2015-06-29,-0.0123375228,-0.0031329626,-0.0053880014,-0.0063197548,-0.0118261818
2015-06-30,0.0112619878,-0.0031359419,-0.0039426074,0.0055695334,0.0033833589
2015-07-01,0.0041542896,-0.0054582246,-0.0047158874,-0.000707278,-0.0014271634
2015-07-02,-0.0009910843,0.0026427009,-0.00091781,0.0026498865,-8.76132398844E-05
2015-07-03,0.0044643611,-0.0019838223,-0.0027541677,0.0022099661,-0.0007170783
2015-07-06,-0.0029330528,-0.0042910594,-0.0035119299,-0.0050871531,-0.0082714502
2015-07-07,0.0023944113,-0.0031419517,-0.0053997408,-0.0007628659,-0.0055029467
2015-07-08,-0.0168855862,-0.000825692,-0.0014804788,-0.007258608,-0.0134063456
2015-07-09,-0.0053690731,-0.004303108,-0.0067855841,-0.0037091309,0.0010223463
2015-07-10,0.0038122691,-0.0031480212,-0.0054124217,0.0002148757,0.0026876424
2015-07-13,0.0095098921,0.0049560415,0.0031254957,0.0059105833,0.0046092626
2015-07-14,0.0015933172,0.0003055762,0.0003254795,0.0001599714,-0.0009835642
2015-07-15,0.0067194534,0.0014283,0.0031254957,0.0021692701,0.0074270214
2015-07-16,0.0043601886,-0.0008522496,-0.0015228726,0.0005278485,-0.0012473743
2015-07-20,0.0059551945,0.0013937023,0.0007781119,0.0023965416,0.0048033614
2015-07-21,-0.0006138182,-0.0019838223,9.20633319765E-05,7.35251232982E-05,-0.0062276311
2015-07-22,-0.003637132,0.0013682102,-0.0013152738,-0.0019681845,0.001840964
2015-07-23,-0.0008338287,-0.0008720774,-0.0015545245,-0.0035220385,-0.001724558
2015-07-24,-0.001109019,-0.0042101042,-0.0050506308,0.0024779011,-0.0049773287
2015-07-27,-0.0117701836,-0.0031011607,-0.0053512235,-0.0053987196,-0.0071685612
2015-07-28,-0.009805154,-0.0031039789,-0.0053573544,-0.0091323303,-0.0096471738
2015-07-29,0.0008864805,-0.0008636657,-0.0015410963,-0.0032383222,-0.0006711548
2015-07-30,-0.0105548923,-0.000866482,-0.0015455959,-0.0134934364,-0.0110428985
2015-07-31,-0.0145755445,-0.0064701457,-0.0034682532,-0.0135551421,-0.0139894448
2015-08-03,-0.0030365999,-0.0019838223,-0.0027541677,-0.0008380916,-0.0059929602
2015-08-04,-0.0005482602,0.0013851626,0.0007748031,0.0120832948,0.0141327661
2015-08-05,0.0001096303,0.0002480531,0.0002336497,0.0024817446,-0.0007547634
2015-08-06,0.0016499622,-0.0042156968,-0.0034173811,0.0037338044,0.0014256639
2015-08-11,-0.0137330586,-0.0087475386,-0.0081088934,-0.0067631612,-0.0039747041
2015-08-12,-0.0294717063,-0.0054047024,-0.0079050958,-0.0161616765,-0.029479472
2015-08-13,0.0098452639,-0.0019838223,-0.0038896394,0.0037935283,0.0011628587
2015-08-14,0.0072413666,0.0002996912,0.0031254957,0.003753271,0.005304317
2015-08-17,-0.0151743242,-0.005413509,-0.0046697618,-0.0122689689,-0.0119925626
2015-08-18,-0.0057872308,-0.0031329626,-0.0053880014,-0.0080321943,-0.0074553825
2015-08-19,-0.0027581827,-0.0008346839,-0.0014948291,-0.0030137738,0.0002507586
2015-08-20,-0.0104016191,-0.0008376474,0.0019218153,-0.0043407371,-0.0063697398
2015-08-21,-0.0129650303,-0.0031299954,-0.0056133396,-0.0018040836,-0.0065680519
2015-08-24,-0.043905001,-0.0195411332,-0.027530672,-0.035868004,-0.0416390076
2015-08-25,0.0149749893,-0.0055801338,0.0031254955,0.0093548931,0.0141000366
2015-08-26,-0.0046151739,-0.0056094918,-0.0064941342,-0.0032154126,-0.0040726103
2015-08-27,0.0248980135,0.004042624,0.0031254957,0.0120832948,0.0141327661
2015-08-28,0.0035618917,0.0015931828,0.0008553904,0.0090448307,0.010278848
2015-08-31,-0.01174006,-0.0055608256,-0.0087164808,0.0008486807,-0.0052170735
2015-09-01,-0.0133249808,-0.005589867,-0.00647389,-0.00727838,-0.0098014437
2015-09-02,-0.0016109074,-0.0044042217,-0.0074112029,-0.0013945941,-0.0034977943
2015-09-03,0.0097847635,0.000436577,0.0005346101,0.0025407858,0.0081923679
2015-09-04,-0.0147725738,-0.0068378821,-0.0077612461,-0.0030084839,-0.0109937098
2015-09-07,-0.0039887066,-0.0044308919,-0.0052783801,-0.0064237015,-0.0068693776
2015-09-08,0.0114716158,0.0065225805,0.0030583688,0.0120832948,0.0115749221
2015-09-09,0.0147452105,-0.0007818118,-0.0024892152,0.0088551138,0.0067560123
2015-09-10,-0.0138064276,-0.0080266651,-0.0118896794,-0.0081447074,-0.0122499112
2015-09-14,-0.0057505352,-0.0056493906,-0.0065352875,-0.0050830329,-0.0078574307
2015-09-15,-0.0103371869,-0.0007586004,-0.0013733739,-0.0017130254,-0.0041101053
2015-09-16,0.0093860087,0.0064993687,0.0031254955,0.002871383,0.0099837193
2015-09-17,0.0093919795,-0.0055996543,-0.0079284124,0.007323707,0.0088289464
2015-09-18,-0.0056169315,-0.0056293318,-0.0088308807,0.0001831884,-0.0055893324
2015-09-21,0.0009302316,0.00407551,0.0031254957,-0.0001215544,0.001132411
2015-09-22,-0.0047994086,-0.0056094918,-0.0031066951,-0.0053600175,-0.0045287143
2015-09-23,-0.0079556408,0.0016418495,0.0031254957,-0.0018452611,-0.0053049903
2015-09-25,-0.0046140345,-0.0043976437,-0.0052440832,0.0058536124,0.0012015654
2015-09-28,-0.014479598,-0.0080764014,-0.0104447193,-0.0088188844,-0.0148924142
2015-09-29,-0.0014265526,-0.0032124305,-0.0023254803,-0.0068645133,-0.0009390749
2015-09-30,0.0010575523,-0.0007552123,-0.0026510879,0.0084640682,0.0048217503
2015-10-01,0.0039194452,-0.0044444501,-0.0038610063,0.0014377749,0.000089881
2015-10-02,-0.0031099921,-0.0044581583,-0.0053065033,-0.0032523377,-0.0025389977
2015-10-05,0.0205875385,0.0004905127,-0.0010690698,0.0113658179,0.0137161491
2015-10-06,0.0160597095,-0.0007518046,0.0016839062,0.008522911,0.0135348542
2015-10-07,0.0219833837,0.006545919,0.0030583688,0.0120832948,0.0141000375
2015-10-08,-0.0050026945,-0.0031923726,-0.005432175,-0.0030325735,-0.0056499671
2015-10-09,0.0173142702,-0.0019838223,0.0024406165,0.0120832948,0.0138078071
2015-10-12,0.0111466185,0.0076624621,0.0030583688,0.0120832948,0.0141000366
2015-10-13,-0.0156992763,-0.0008041607,-0.002715013,-0.013287711,-0.0182116833
2015-10-14,-0.0003216596,-0.0091092512,-0.0101042166,0.0020748796,-0.0004825946
2015-10-15,0.0104083819,-0.0019838223,0.0024406165,0.0065645813,0.009748755
2015-10-16,0.0051177266,0.0015931828,-0.0015975889,0.0022888258,0.0001984853
2015-10-19,-0.0020181661,0.0027411389,0.0031254957,-0.0013796296,-0.0008174293
2015-10-20,-0.0018101912,-0.0078979209,-0.0102991294,-0.0010328358,-0.0053697824
2015-10-21,0.0022068561,-0.0007946854,-0.0014309785,-0.0005647549,-0.0015084594
2015-10-22,0.0040931933,-0.0031729583,0.0008376325,0.0057178573,0.0051002176
2015-10-23,0.0099401476,-0.0007946854,-0.0025096517,-0.0002435138,0.0071600638
2015-10-26,0.0047500815,0.0039145681,0.0031254957,0.0051440648,0.0030592289
2015-10-27,-0.0099551114,-0.0031572497,-0.0039645862,-0.0080348598,-0.0046753157
2015-10-28,-0.0039454967,0.0003599422,-0.0008016014,0.0030886084,-0.0022313707
2015-10-29,-0.0129097691,-0.0019838223,-0.0038642893,-0.0060743885,-0.0097201876
2015-10-30,-0.0010533287,-0.0066837836,-0.0076022889,-0.0011562463,0.0040108496
2015-11-02,-0.0080164996,-0.0043525863,-0.0051976047,-0.0102150226,-0.0099821165
2015-11-03,0.0084199605,0.0039145681,0.0017546987,0.0078730136,0.0077339089
2015-11-04,0.0135497602,-0.0019838223,-0.0027541677,0.0073476606,0.0107668024
2015-11-05,-0.0055507126,0.0003537722,0.0031254957,-0.0031453976,-0.0051603895
2015-11-06,-0.0043684753,-0.0031510824,-0.0039582239,-0.0005343268,-0.0009204941
2015-11-09,-0.0042442131,-0.0031541577,-0.0039613969,-0.0001377743,-0.0022010785
2015-11-11,-0.0053952453,-0.0008134879,-0.0014609923,-0.0047240173,-0.0064425468
2015-11-12,-0.0076019885,-0.0031541577,-0.0039613969,-0.0077297064,-0.0126520693
2015-11-13,-0.0113278473,-0.0055134473,-0.006395061,-0.006665322,-0.0159653015
2015-11-16,-0.0034066986,-0.0008041607,-0.0014461041,-0.0024637636,-0.0037062243
2015-11-17,0.0003600676,-0.0008072872,-0.0014510932,0.0005613044,0.0027741827
2015-11-18,-0.010581071,-0.0031603584,-0.0054007792,-0.0054205796,-0.0096627679
2015-11-19,0.0116262151,-0.0031634821,-0.003971017,0.0023438577,0.0043553663
2015-11-20,-0.0006578457,0.0003723754,0.0004321183,-0.0036484962,-0.0047572926
2015-11-23,-0.0049541182,-0.0043400181,-0.0051846416,-0.0002946844,-0.0003531771
2015-11-24,0.0068646464,-0.0019838223,-0.0027541677,0.0042490624,0.0089405729
2015-11-25,-0.0109750121,-0.0008041607,0.0031254957,0.0014007511,-0.0052407812
2015-11-26,-0.0023856711,0.0038679377,0.0017366345,-0.0003454015,-0.0012016604
2015-11-27,-0.0089034953,-0.0078355819,-0.0087903962,-0.0049104011,-0.0078233872
2015-11-30,-0.0011129109,0.000366143,0.0004221671,0.0037878547,0.0010598293
2015-12-01,0.0050016063,-0.0008134879,-0.0023340327,0.0007646224,0.0021298919
2015-12-02,0.0046507264,-0.0031541577,-0.0021512117,-0.0050428836,-0.0005282573
2015-12-03,8.66922268052E-05,0.0003537722,-0.0008096565,-0.0053392546,-0.0024959538
2015-12-04,-0.0016796445,-0.006671383,-0.0075894971,-0.0030976795,-0.0025401823
2015-12-07,0.0075675055,-0.0019838223,-0.0027541677,0.0002517235,0.0075760153
2015-12-08,-0.0086170201,-0.0103080124,-0.0070464653,-0.0078971377,-0.0162511021
2015-12-09,-0.0051732795,0.0004104814,-0.0013876902,0.0021554818,-0.0012895698
2015-12-10,-0.0044591179,-0.0019838223,-0.0002828881,-0.0077020386,-0.0074036922
2015-12-11,-0.0048671077,-0.0007914947,-0.0025091725,-0.0009115571,-0.0081653595
2015-12-14,-0.006934891,-0.0019838223,-0.0027541677,-0.0082131596,-0.0081422422
2015-12-15,0.0001704914,-0.0007946854,-0.0014309785,0.0022174455,0.0002567442
2015-12-16,0.0089809396,-0.0031729583,-0.0039807903,0.0077462997,0.0077038193
2015-12-17,0.0071061875,0.001574079,0.0031254957,0.0077690971,0.0050525907
2015-12-18,-0.0029190832,0.0003723754,0.0004321183,0.0018956484,0.0060521727
2015-12-21,-0.0025586325,-0.0043400181,-0.0071433508,0.0045221513,0.0006374503
2015-12-22,0.002604159,0.0038833986,0.0031254955,0.0100908028,0.0079308683
2015-12-23,0.0037364539,-0.0054948451,-0.0086514913,0.0033374885,6.52810558677E-05
2015-12-24,0.0048666036,-0.0008103931,0.0016184504,0.0054093325,0.0033081882
2015-12-28,-0.0007996082,-0.0031572497,-0.0021561477,-0.0074663563,-0.0061731581
2015-12-29,0.0044763893,-0.0031603584,0.000803102,0.0012973044,0.0002721986
2015-12-30,-0.0009387211,0.0015364778,-0.0009127874,-0.0067000659,-0.0003267182
2015-12-31,-0.0009639093,-0.0031541577,-0.0039613969,0.0007969839,-0.0024631247
