Date,SnP Return,0,5,10,15,20,25,30,35,40
3/1/2014,-0.00033302,0.001317972,0.000355083,0.000646114,0.000653424,-0.001049682,-0.001606131,0.000468078,0.0000185,0.001991209
6/1/2014,-0.002514927,-0.003038822,-0.003403536,-0.003352608,-0.005415594,-0.006519608,-0.003397613,-0.003876443,-0.004411007,-0.002330697
7/1/2014,0.006063345,0.003873592,0.001667849,0.005571826,0.006631589,0.004388043,0.004691256,0.003559729,0.005238459,0.005697256
8/1/2014,-0.000212232,-0.002612484,-0.00296363,0.000691663,0.000594094,0.000711462,0.000878768,0.005331097,0.00139473,0.002174411
9/1/2014,0.000348249,0.004664685,0.002054068,0.005234375,0.003549982,0.003206058,0.001662819,0.003558991,0.000672605,0.003413032
10/1/2014,0.00230403,-0.002666056,-0.001320869,0.002214418,0.001606039,0.004074774,0.002261279,0.005417404,0.004042882,0.004064492
13/1/2014,-0.012655966,-0.012114475,-0.011162843,-0.010192631,-0.012578702,-0.012552289,-0.014193869,-0.012895299,-0.013365146,-0.01067919
14/1/2014,0.010759876,0.010200157,0.009324803,0.013107641,0.011085967,0.010464084,0.010233804,0.012927984,0.01122468,0.01170257
15/1/2014,0.005152889,0.001568445,0.000949154,0.000752883,0.001422044,0.001175018,0.001434597,0.002113754,0.001054249,0.002275549
16/1/2014,-0.001348028,0.000173471,0.000201606,0.002593234,-0.00499052,-0.008130405,-0.006276753,-0.005582922,-0.005558753,-0.002142199
17/1/2014,-0.003902781,-0.0027339,-0.002776297,-0.00212593,-0.004770658,-0.004160437,-0.004415461,-0.003776229,-0.002245712,-0.000732734
21/1/2014,0.002769912,-0.000585433,-0.001098623,0.003037511,0.002162738,0.003083564,0.001313954,0.004933749,0.003882037,0.00414171
22/1/2014,0.0005747,-0.000566556,-0.000754289,0.002081499,0.002215993,0.001529559,-0.000355785,0.001650841,0.001013586,0.001756615
23/1/2014,-0.008929325,-0.012859059,-0.006463031,-0.005984344,-0.007577392,-0.006404602,-0.007293486,-0.006276608,-0.007798747,-0.006028602
24/1/2014,-0.021096421,-0.01841444,-0.018498326,-0.016259817,-0.018466959,-0.016683986,-0.016267018,-0.020619543,-0.017605931,-0.017561262
27/1/2014,-0.004888222,-0.002665598,-0.002158014,-0.001737957,-0.005130582,-0.003843744,-0.004434871,-0.001356739,-0.004173197,-0.00231552
28/1/2014,0.006121875,0.007078448,0.009194046,0.008672587,0.007671217,0.009307325,0.009512444,0.009463422,0.008497635,0.01010962
29/1/2014,-0.010261704,-0.010511241,-0.011078279,-0.011342393,-0.010811034,-0.010689502,-0.011151389,-0.016699364,-0.014723282,-0.009911777
30/1/2014,0.011204044,0.009513594,0.009678232,0.009929415,0.011580574,0.01191015,0.015263441,0.02071774,0.011730336,0.018708974
31/1/2014,-0.00648629,-0.008674209,-0.005075671,-0.004508783,-0.004928748,-0.004117771,-0.006051327,-0.004088221,-0.006626766,-0.004986038
3/2/2014,-0.023096605,-0.021764295,-0.022067141,-0.021110924,-0.023770289,-0.021634497,-0.02304578,-0.020502066,-0.024456525,-0.021291353
4/2/2014,0.007612043,0.005237314,0.005287778,0.009224552,0.00730432,0.007758734,0.005555426,0.008368015,0.00810663,0.006160651
5/2/2014,-0.002030282,0.001170697,0.000385228,-0.000799898,-0.000856291,0.00029896,-0.001218796,0.002265032,0.00140958,0.002243844
6/2/2014,0.012363054,0.001199749,0.002378511,0.007499691,0.004675115,0.00630312,0.007432201,0.005544596,0.009977343,0.008323974
7/2/2014,0.013214194,0.019835826,0.020764004,0.02210995,0.02256595,0.019109942,0.019728376,0.020542853,0.018268803,0.019310988
10/2/2014,0.001568005,0.003014882,0.002214366,0.005814224,0.003862173,0.005743566,0.003040972,0.002154051,0.002632376,0.003312683
11/2/2014,0.011001376,0.012808928,0.012510725,0.015312305,0.013278891,0.014312971,0.012951015,0.01209199,0.010368308,0.012521789
12/2/2014,-0.000269299,-0.002152213,-0.003004656,-0.002834328,-0.001377263,-0.003057018,-0.003013678,-0.004214134,-0.000551247,0.000860336
13/2/2014,0.005793212,0.003213913,0.003208335,0.006493523,0.005052594,0.006456649,0.005259773,0.002001303,0.004489504,0.005121028
14/2/2014,0.004797689,0.005406556,0.00424481,0.006817444,0.004440946,0.005761134,0.005462127,0.00258762,0.004391862,0.004284024
18/2/2014,0.001157803,-0.003220178,-0.003259841,0.002385451,0.002234951,0.002553299,-0.000558646,0.002644256,0.0015175,0.003953787
19/2/2014,-0.006545862,-0.006188051,-0.007110138,-0.002289615,-0.004822008,-0.006503497,-0.006817618,-0.007858921,-0.006999506,-0.005753629
20/2/2014,0.006013342,0.005931794,0.006357231,0.007110235,0.008005721,0.006556797,0.006953684,0.012686778,0.010478537,0.009964592
21/2/2014,-0.001920567,-0.000834369,-0.000557067,-0.000677124,-0.002007019,-0.001396635,-0.001994472,-0.000291127,-0.000889962,0.000443011
24/2/2014,0.006167455,0.003400972,0.005474888,0.006219544,0.005656784,0.003779223,0.003162019,0.004462232,0.005599837,0.006910492
25/2/2014,-0.001348591,-0.00203354,-0.001875999,-0.000521946,-0.000781585,-0.000797688,-0.00193952,0.0000705,-0.00029527,0.001061339
26/2/2014,0.0000217,-0.003575022,-0.003537991,-0.003929885,-0.00252203,-0.00241278,-0.003583238,-0.003890541,-0.001698266,0.000419498
27/2/2014,0.004935881,0.004554278,0.004110727,0.00574146,0.004685365,0.004020541,0.002825328,0.004195828,0.004937805,0.004728918
28/2/2014,0.002778824,0.008373973,0.007179702,0.004149154,0.005868548,0.007082863,0.00732532,0.007308158,0.006753246,0.006973207
3/3/2014,-0.007405866,-0.00844681,-0.00699001,-0.004696796,-0.005203086,-0.005505604,-0.006417679,-0.006621013,-0.00711806,-0.005404253
4/3/2014,0.015152323,0.01583305,0.014777371,0.016439583,0.016935017,0.013847301,0.015482092,0.014763673,0.015432115,0.016280569
5/3/2014,-0.0000534,0.000101757,0.000430838,-0.000608816,0.000222661,-0.000110872,-0.002176758,-0.001697107,-0.003732778,-0.001212552
6/3/2014,0.001716933,0.004229444,0.0030287,0.000856536,0.000890146,-0.000226939,0.00106027,-0.002761094,-0.001613138,-0.001022962
7/3/2014,0.000537945,0.001985488,-0.000191027,-0.0000746,0.000591147,-0.001810841,-0.00136691,-0.001885586,-0.000948659,0.000422149
10/3/2014,-0.000463354,0.001677297,-0.001107669,0.00027247,-0.0000359,-0.000458006,-0.000104466,-0.0000894,0.001042925,0.002207706
11/3/2014,-0.005095097,-0.000194715,-0.001048474,-0.000653224,-0.002709354,-0.003400828,-0.00361974,-0.003925089,-0.0029076,-0.00268514
12/3/2014,0.000305124,-0.005370059,-0.005324022,-0.00217326,-0.003643174,-0.001667137,-0.002461453,-0.002134173,-0.000364787,-0.0000432
13/3/2014,-0.011770092,-0.001571989,-0.003584362,-0.003804658,-0.004158075,-0.003399475,-0.005639703,-0.007052098,-0.009059671,-0.00632523
14/3/2014,-0.002825766,-0.001210605,-0.001945101,0.000403304,-0.0000629,0.003382823,0.00000638,-0.000238812,-0.000601525,0.000566347
17/3/2014,0.009567718,0.011794366,0.01037186,0.011485212,0.011034156,0.01079103,0.010987388,0.009156103,0.009906484,0.011297967
18/3/2014,0.007193682,0.002224019,0.002394278,0.005624678,0.003744451,0.004099432,0.003441942,0.004020347,0.004788437,0.007170821
19/3/2014,-0.006150525,-0.008912355,-0.00822575,-0.000576442,-0.004069442,-0.002906371,-0.006198253,-0.007934656,-0.005775007,-0.00521585
20/3/2014,0.006022334,0.001918507,0.001840403,0.002371686,0.001300205,0.000433389,0.0000285,0.002374445,0.002680201,0.004671118
21/3/2014,-0.00293698,0.001929316,0.000839999,0.000200454,0.00209787,0.000243668,-0.00351601,-0.004812485,-0.004296392,-0.000886839
24/3/2014,-0.004876581,-0.006540203,-0.008787641,-0.0050532,-0.007918259,-0.005588898,-0.007285357,-0.009386253,-0.007852417,-0.00867015
25/3/2014,0.004394271,0.002642151,0.001942128,0.001484795,0.001785047,0.002314538,0.001209227,0.001192768,0.002182091,0.003447983
26/3/2014,-0.007024937,-0.003040739,-0.003262146,-0.00544042,-0.00736679,-0.008236428,-0.009013318,-0.006606889,-0.00838005,-0.005952001
27/3/2014,-0.001901892,-0.003062679,-0.001788988,-0.001533328,-0.001544057,0.001342397,-0.001365508,-0.000331571,-0.001605992,-0.000832624
28/3/2014,0.004629489,0.001356694,0.001848752,-0.0000205,0.000176517,-0.00096346,-0.000334788,0.000921413,0.002173844,0.003388454
31/3/2014,0.007892872,0.01179702,0.010287775,0.013711037,0.011778568,0.013460949,0.011154803,0.010684381,0.01242858,0.012899147
1/4/2014,0.007014688,-0.000205912,0.001178017,0.002572459,0.003301043,0.00277256,0.004680095,-0.0000349,0.003017679,0.003370149
2/4/2014,0.002849263,0.001709533,0.001641105,0.004214795,0.002309962,0.000805617,0.001361301,0.005137876,0.000450503,0.002763304
3/4/2014,-0.001127085,0.00050617,-0.000678292,-0.002994295,-0.002427529,-0.002611909,-0.003182454,-0.004726809,-0.004184058,-0.002030009
4/4/2014,-0.012616543,-0.007976045,-0.008884948,-0.008088718,-0.009637916,-0.007790833,-0.011695271,-0.011350478,-0.012845248,-0.011914881
7/4/2014,-0.010808312,-0.005152235,-0.00414353,-0.003013093,-0.006444697,-0.004428552,-0.007451624,-0.008305173,-0.008933125,-0.007537693
8/4/2014,0.003743538,0.000701045,0.003009484,0.00842472,0.005028983,0.007940644,0.008012484,0.009478518,0.005246453,0.006417233
9/4/2014,0.010859039,0.008473871,0.008222349,0.009518922,0.010134908,0.010800796,0.009724389,0.011734439,0.010143579,0.011564801
10/4/2014,-0.021105968,-0.012376402,-0.013591833,-0.015354065,-0.01896188,-0.016223181,-0.017722344,-0.017177291,-0.018001758,-0.017080044
11/4/2014,-0.00953206,-0.005749585,-0.006765024,-0.010127376,-0.009227344,-0.009041829,-0.010027138,-0.008632262,-0.010677391,-0.008154649
14/4/2014,0.008183708,0.005491895,0.00662566,0.006937203,0.006291097,0.006468527,0.005994205,0.005186547,0.005670171,0.007013846
15/4/2014,0.006734579,0.005014924,0.002601447,0.003613053,0.003740985,0.003756987,0.004417577,0.007567108,0.006031538,0.006858153
16/4/2014,0.010433868,0.010474298,0.010108166,0.009974557,0.009628416,0.01065233,0.010253608,0.013995722,0.010934934,0.012402361
17/4/2014,0.001362924,0.000578019,0.002426428,0.002622072,0.002583073,0.001239041,0.000882866,0.000847767,0.001670957,0.002981536
21/4/2014,0.003768016,-0.000358849,-0.0000699,0.004668329,0.001992979,0.004169249,0.004435269,0.00290544,0.003043122,0.004290986
22/4/2014,0.004083789,-0.000585856,0.003154996,0.005396279,0.004669486,0.006111548,0.00498411,0.005975857,0.006817217,0.007496695
23/4/2014,-0.002215767,0.000772745,-0.00152159,-0.001282248,-0.001217054,-0.000157886,0.000622215,-0.000242739,0.000834481,0.002370212
24/4/2014,0.001715488,0.003189591,0.003358413,0.003643852,0.002245383,0.004101038,0.002042716,-0.000376407,0.000153547,0.001224073
25/4/2014,-0.008129345,-0.000874026,-0.005323061,-0.006090645,-0.005306346,-0.005165234,-0.006158208,-0.013146669,-0.008278913,-0.007036956
28/4/2014,0.003230812,0.008598191,0.006248194,0.007197957,0.006444027,0.006834345,0.003700965,0.006045483,0.003697424,0.005018306
29/4/2014,0.00474946,0.003667985,0.004724377,0.005135123,0.006806303,0.005854631,0.005860163,0.006386954,0.006596908,0.007858124
30/4/2014,0.00298755,0.001040756,0.0012903,0.004266343,0.003630873,0.004698387,0.003426357,0.002025062,0.000968554,0.003185054
1/5/2014,-0.000143271,-0.003405842,-0.001719517,-0.001414853,-0.000428058,-0.000630463,-0.001155142,0.001577433,-0.000477768,0.001582345
2/5/2014,-0.001349355,-0.006624449,-0.002320545,-0.002076139,-0.005844191,-0.003209617,-0.002751314,-0.001008496,-0.004052796,-0.002781263
5/5/2014,0.001869467,0.0014467,0.000426044,0.001778685,0.002924235,0.002957942,0.002803431,0.00568397,0.003116446,0.004125088
6/5/2014,-0.009029031,-0.009728192,-0.010823681,-0.007939122,-0.011261132,-0.00803527,-0.008506701,-0.007757741,-0.008794853,-0.007258507
7/5/2014,0.005600755,0.012795278,0.010572268,0.006227088,0.009845722,0.007877618,0.007976593,0.009957006,0.006804873,0.008485919
8/5/2014,-0.001374569,-0.002610628,-0.004008067,-0.002968982,-0.003276196,-0.002793922,-0.004910289,-0.005839182,-0.004877076,-0.002959762
9/5/2014,0.001518323,0.005554492,0.006047039,0.004522266,0.004709477,0.003301636,0.003428007,0.003539192,0.002043466,0.004670279
12/5/2014,0.009626256,0.001921139,0.0047403,0.005826354,0.006250833,0.006253875,0.007355945,0.010152146,0.008752796,0.011234304
13/5/2014,0.000421669,-0.001027797,0.000567113,-0.000972822,-0.001805343,-0.000252755,-0.001609055,0.002194879,-0.001246026,0.000356954
14/5/2014,-0.00471209,-0.004939996,-0.004982378,-0.003667692,-0.002991672,-0.002672894,-0.004185423,-0.003763003,-0.004945867,-0.00346357
15/5/2014,-0.009405904,-0.003730813,-0.005278321,-0.006163074,-0.005624895,-0.006694243,-0.00669498,-0.007580217,-0.010632169,-0.008251477
16/5/2014,0.003739962,0.003456656,0.002978772,0.005876154,0.003543501,0.004054663,0.003627899,0.004239019,0.003940048,0.005376325
19/5/2014,0.003837414,0.002101743,0.003226173,0.004924846,0.00586691,0.005201075,0.003900983,0.004825041,0.001495179,0.004310069
20/5/2014,-0.006519605,-0.003268062,-0.003691396,-0.00305556,-0.003971168,-0.004233792,-0.004455116,-0.00708771,-0.00731541,-0.006621243
21/5/2014,0.00808334,0.005857422,0.007213982,0.007636618,0.00864744,0.007399602,0.008098587,0.010366353,0.008320742,0.008028363
22/5/2014,0.002359444,-0.001526726,-0.00109513,0.00225678,0.002296347,0.002167678,0.001121025,0.001694275,0.002943972,0.003891353
23/5/2014,0.004239393,0.001082201,0.001848957,0.003458126,0.003103746,0.003027307,0.002941496,0.004602334,0.003667117,0.004982826
27/5/2014,0.00596995,0.003308294,0.003939132,0.004512553,0.00442344,0.004330758,0.004554787,0.006156074,0.00470706,0.005595165
28/5/2014,-0.001114693,-0.000220819,0.000438221,-0.000463768,0.000717965,0.000953675,-0.001128363,-0.001246604,0.000757985,0.001425629
29/5/2014,0.005352759,0.004300397,0.006136284,0.007016235,0.006243596,0.006734697,0.006291196,0.007614507,0.00475644,0.005401719
30/5/2014,0.00184198,0.00608255,0.004602295,0.004380004,0.002984216,0.003606475,0.002632014,0.004376111,0.00251446,0.003681328
2/6/2014,0.000727562,0.000194614,0.000651821,0.000657127,0.001173911,0.000630004,-0.001515496,-0.000446815,-0.00224102,0.0000527
3/6/2014,-0.000379289,-0.003069657,-0.003977982,-0.001787697,-0.000906324,-0.002183987,-0.002183999,-0.000534909,0.000166921,0.001125845
4/6/2014,0.001889877,0.004927293,0.004777155,0.005361666,0.005106676,0.006038835,0.004963228,0.002820162,0.00280922,0.006222268
5/6/2014,0.006504082,0.001549877,0.002304586,0.003095555,0.002296449,0.002758958,0.00347584,0.004481574,0.004971183,0.00533836
6/6/2014,0.004617083,0.003136474,0.002846797,0.002865322,0.003308746,0.00279573,0.003616553,0.00571697,0.00267326,0.004918241
9/6/2014,0.000938331,0.003056373,0.001366418,0.003131232,0.002095131,0.001797096,0.000943834,0.001804976,0.001378366,0.00258363
10/6/2014,-0.000246014,0.0000583,0.000280073,0.001009215,0.000118512,0.001089572,-0.0000675,0.000107483,0.00133045,0.002244665
11/6/2014,-0.003543311,-0.001893849,-0.001472534,0.002972185,0.000344455,-0.00064015,-0.001358451,-0.003468388,-0.000876552,0.000082
12/6/2014,-0.007114139,-0.007819392,-0.007264007,-0.004384552,-0.006221738,-0.004917959,-0.007154202,-0.011484342,-0.005810185,-0.005793826
13/6/2014,0.003129659,0.001141408,0.002073813,0.002961382,0.003267891,0.003240297,0.00201798,0.003104168,0.00214955,0.00307944
16/6/2014,0.000836355,-0.000283245,-0.0000105,0.001211001,0.005046243,0.004894413,0.00906185,0.004711045,0.003471406,0.003638337
17/6/2014,0.002170212,0.003999097,0.004219365,0.00498222,0.005041501,0.00504365,0.004804992,0.002008403,0.002096299,0.003840116
18/6/2014,0.007689243,0.01001571,0.009724951,0.008346322,0.009846515,0.008149633,0.007116455,0.008908914,0.008443483,0.010065334
19/6/2014,0.001276663,0.002692815,0.002802549,0.003353569,0.000675872,0.001932148,0.001224506,0.00281519,0.001736703,0.002293115
20/6/2014,0.001728564,0.00019202,-0.000246626,0.002050658,0.001697774,0.000795159,0.00070807,-0.002288061,-0.0000962,0.00242716
23/6/2014,-0.000132473,-0.003813531,-0.002475985,-0.002934772,-0.000891189,-0.000826986,-0.001275094,-0.002252852,-0.004395878,-0.002124798
24/6/2014,-0.006456107,-0.003873441,-0.004408618,0.00718159,0.004311009,0.004588533,0.00020005,0.004274299,-0.004797684,-0.000392994
25/6/2014,0.004885558,0.001804948,0.003076103,0.002643879,0.005166427,0.005244219,0.004361364,0.007303208,0.005996692,0.00659207
26/6/2014,-0.001179579,-0.003684137,-0.003011905,-0.000768081,-0.001722752,-0.001826347,-0.002843006,0.001286276,-0.004572636,-0.00156589
27/6/2014,0.001909045,0.003437963,0.004062144,0.006584207,0.004360688,0.004718131,0.003867441,0.004067999,0.002977515,0.003249599
30/6/2014,-0.000372326,-0.000614881,0.000379329,0.001782027,0.001571746,0.002742266,0.000766119,0.001493325,0.000480436,0.00224431
1/7/2014,0.006655573,0.004738162,0.006625057,0.006426445,0.005079047,0.006489022,0.006406793,0.006830424,0.006444828,0.008568862
2/7/2014,0.000658596,-0.003807793,-0.002771954,-0.002239625,-0.003364765,-0.001924617,-0.002440715,-0.003189462,-0.004143877,-0.00157681
3/7/2014,0.00546455,0.004033098,0.004202151,0.00295166,0.003227427,0.004362545,0.002627549,0.003949731,0.003247628,0.004776844
7/7/2014,-0.003931239,-0.002513888,-0.004030346,-0.003678952,-0.005283621,-0.004538168,-0.005397061,-0.004841368,-0.005577113,-0.005147527
8/7/2014,-0.007073762,-0.000509665,-0.002639593,-0.00357417,-0.003906084,-0.004081543,-0.005235033,-0.003142853,-0.0033446,-0.002482029
9/7/2014,0.004633516,0.001201747,0.001112028,0.002698313,0.002822576,0.002484258,0.002487508,0.00308097,0.002312739,0.003528377
10/7/2014,-0.004139628,-0.00025577,-0.001655425,-0.001293616,-0.001236238,-0.00225799,-0.003479756,-0.001917527,-0.001248872,-0.001840742
11/7/2014,0.001469842,0.003005393,0.001591551,0.00016024,0.000891451,-0.000304566,0.001500618,0.001961981,-0.001049618,0.001612263
14/7/2014,0.004831861,0.003461725,0.004430883,0.004659903,0.0035295,0.003266996,0.002772366,0.005888805,0.003173141,0.005765398
15/7/2014,-0.001933965,-0.003156483,-0.003512719,-0.001102187,-0.003684117,-0.002892862,-0.00396091,-0.004679414,-0.00594624,-0.003367805
16/7/2014,0.004192285,0.000680316,0.001305246,0.003912297,0.003245439,0.002983872,0.001492043,-0.00010387,0.003473186,0.004223695
17/7/2014,-0.011904606,-0.008384499,-0.009649308,-0.010540559,-0.008747782,-0.009779982,-0.011779705,-0.009839592,-0.010359874,-0.00929517
18/7/2014,0.010212609,0.005883524,0.005319119,0.006430574,0.007468941,0.007530056,0.007366663,0.006236853,0.011685246,0.012905855
21/7/2014,-0.002322947,-0.002727806,-0.00090148,-0.000548208,-0.001888304,-0.000382501,-0.002283284,0.001547844,-0.0000933,0.001700456
22/7/2014,0.005003611,-0.001078246,-0.002459501,-0.00020607,0.000500051,0.000766383,0.000276158,0.001569726,0.001193638,0.0024004
23/7/2014,0.001752901,0.005480011,0.004157689,0.003066124,0.004993092,0.00628624,0.006105621,0.006674469,0.004936986,0.005276113
24/7/2014,0.000488036,0.004410629,0.002436748,0.002142185,0.002620861,0.002631715,0.001003352,-0.000617322,0.0000845,0.002142866
25/7/2014,-0.004860946,-0.013549753,-0.010071405,-0.00711214,-0.011280716,-0.008097143,-0.009197176,-0.004158163,-0.007298823,-0.007400234
28/7/2014,0.000288113,-0.004218786,-0.002834755,-0.002183892,-0.002834805,-0.001783992,-0.004037155,-0.005878224,-0.003067929,-0.00291297
29/7/2014,-0.004538068,0.00607047,0.00553115,0.002557309,0.005114331,0.001725919,0.003127099,-0.002039341,-0.001017248,0.002351872
30/7/2014,0.0000609,-0.004087218,-0.002849549,-0.000758683,-0.004818183,-0.004609404,-0.004672541,-0.004853364,-0.002588457,-0.001583488
31/7/2014,-0.020201932,-0.018516116,-0.017750358,-0.018227579,-0.018617764,-0.019412728,-0.019149711,-0.017921029,-0.019767826,-0.01910343
1/8/2014,-0.002863216,0.002288559,0.000762394,0.006595182,0.000531019,0.000633516,-0.000369874,-0.001039531,0.002363234,0.001585707
4/8/2014,0.007163315,0.001171662,0.002655306,0.001714622,0.003437228,0.002906851,0.003265794,0.003771408,0.000221248,0.003613387
5/8/2014,-0.009732679,-0.001701163,-0.002917125,-0.001022519,-0.003273304,-0.00281137,-0.004196461,-0.011031585,-0.006748375,-0.004928566
6/8/2014,0.0000156,0.010187589,0.00756431,0.009796833,0.007863848,0.005719923,0.005638556,0.001572683,0.005036701,0.005308839
7/8/2014,-0.005572115,-0.005245605,-0.003872243,-0.002963997,-0.003903039,-0.002615997,-0.004753922,-0.004174642,-0.006216252,-0.003946537
8/8/2014,0.011465423,0.009336869,0.00940391,0.009176585,0.010943128,0.010762654,0.009864515,0.011951392,0.009915315,0.010462633
11/8/2014,0.002755625,0.004001718,0.004364407,0.005503492,0.005068095,0.004176295,0.004045668,0.003424708,0.003361366,0.004648552
12/8/2014,-0.001637982,-0.000322783,-0.001173068,-0.001988643,-0.001552975,-0.000100623,0.000610414,-0.002159469,-0.002456203,-0.001214089
13/8/2014,0.006684767,0.005565128,0.004719099,0.006876886,0.00692187,0.00748085,0.006560054,0.006096604,0.007175931,0.008575271
14/8/2014,0.004336398,0.001569749,0.001195389,0.002854883,0.001721953,0.003138497,0.003391848,0.003864019,0.002122834,0.003013952
15/8/2014,-0.0000614,-0.001420145,-0.000351553,0.00143062,0.000484274,0.001894661,0.001174365,0.001737109,0.002586226,0.002649081
18/8/2014,0.008495483,0.005443564,0.005218815,0.0065914,0.00622867,0.006804128,0.005374752,0.006157756,0.005766073,0.006707518
19/8/2014,0.004988191,0.001720455,0.001893447,0.002330787,0.003556593,0.002991467,0.003204341,0.001745752,0.003672728,0.004061681
20/8/2014,0.002474748,0.002203426,0.003137078,0.0044116,0.003303002,0.005433072,0.00352807,0.006309546,0.003713166,0.004503662
21/8/2014,0.002945547,0.002054707,0.001054914,0.000708952,0.000164853,0.000439385,-0.000118272,-0.002369342,-0.000565742,-0.000353524
22/8/2014,-0.001994575,-0.003852987,-0.003901332,-0.001530261,-0.001356781,-0.001025338,-0.001807954,-0.000741143,-0.001722695,-0.000501099
25/8/2014,0.004776354,0.005335401,0.005181479,0.004413346,0.006821567,0.00657599,0.004517558,0.006566062,0.004281191,0.005828694
26/8/2014,0.001050529,-0.000716114,-0.000977798,0.001184425,-0.001435263,-0.001017678,-0.000454418,0.001107359,-0.000786524,0.000451525
27/8/2014,0.00005,0.001157899,0.000139786,0.000804926,0.001797117,0.003490135,0.001501968,-0.001800078,-0.000225515,0.001270029
28/8/2014,-0.001691331,0.001208973,0.000747824,-0.000106872,0.001158063,0.000739086,-0.000727094,-0.001169835,-0.001373981,0.000644339
29/8/2014,0.003314914,0.00252009,0.002012719,0.004095519,0.003520537,0.003768226,0.002434767,0.000806091,0.002803053,0.004169873
2/9/2014,-0.000544214,0.001602744,-0.001044057,-0.001787471,-0.001095753,-0.001517111,-0.002280148,-0.001786359,-0.00164381,0.000458402
3/9/2014,-0.000779444,-0.000814669,-0.000471261,0.002182977,0.000189833,0.001391105,-0.000729908,0.001173127,-0.001440998,-0.000383933
4/9/2014,-0.0015356,-0.00110558,-0.002355951,0.000531457,-0.00072652,-0.001597076,-0.002965753,-0.002173709,-0.003153676,-0.002666513
5/9/2014,0.005023248,0.001269881,0.001345602,0.003973767,0.002939282,0.003724292,0.003216607,0.004790287,0.003354545,0.005098144
8/9/2014,-0.003077846,-0.002040669,-0.002004193,-0.00176279,-0.001984471,-0.002015518,-0.002065417,-0.000680194,-0.003511819,-0.001331223
9/9/2014,-0.006566522,-0.006109254,-0.005309802,-0.004566571,-0.007594177,-0.007453313,-0.007764584,-0.006885691,-0.008516899,-0.007237371
10/9/2014,0.003639444,0.004577836,0.003925392,0.005084197,0.004488721,0.004525614,0.003377582,0.004882959,0.003132015,0.003291425
11/9/2014,0.000881517,-0.000482005,-0.000431013,0.000669071,0.000534372,0.000610362,-0.00011819,0.002267343,0.00068675,0.002276569
12/9/2014,-0.005980405,-0.004723418,-0.006210178,-0.005717148,-0.006290231,-0.005966213,-0.007625157,-0.005336568,-0.006980048,-0.005476353
15/9/2014,-0.000710404,0.004373266,0.001945557,-0.000674023,0.00047296,-0.000053,-0.001789218,-0.000487508,-0.001860549,-0.000665699
16/9/2014,0.007456507,0.00507444,0.005348395,0.007729217,0.007594361,0.009075701,0.007415258,0.009473382,0.008775754,0.010386552
17/9/2014,0.001294805,0.000142139,-0.00013713,0.000845442,0.000376915,0.001291587,-0.000107581,-0.001107088,0.000289957,0.001257662
18/9/2014,0.004879257,0.0048726,0.004356181,0.004198953,0.004026514,0.003945063,0.004295922,0.003121486,0.004152433,0.005084626
19/9/2014,-0.000477384,-0.003478901,-0.003465145,-0.001473791,-0.001819441,-0.000447481,-0.002368667,0.000613638,-0.002578211,-0.001416285
22/9/2014,-0.008045602,-0.002809649,-0.005246371,-0.003821905,-0.007347092,-0.007078211,-0.008421428,-0.007346105,-0.00802082,-0.006868862
23/9/2014,-0.00579325,-0.006741942,-0.005656761,-0.002708555,-0.004315537,-0.003407488,-0.004569522,-0.003028343,-0.003789535,-0.003059625
24/9/2014,0.007801977,0.009184441,0.008605314,0.010653513,0.010952988,0.011853952,0.009042971,0.011504886,0.008756051,0.011282923
25/9/2014,-0.016300913,-0.012760424,-0.012583971,-0.010317504,-0.013413608,-0.011987521,-0.01314329,-0.013259321,-0.013614102,-0.011540352
26/9/2014,0.008539261,0.007823733,0.00731043,0.009770988,0.009979419,0.009238363,0.009334465,0.008141978,0.007291809,0.009145848
29/9/2014,-0.002550051,-0.001126954,-0.002008021,0.000484529,0.000408165,0.0000176,-0.002113564,-0.000181036,-0.001148435,-0.0000782
30/9/2014,-0.002789817,-0.002366595,-0.000731501,-0.002478978,-0.003702553,-0.003194381,-0.004444724,-0.001955966,-0.005540225,-0.003185337
1/10/2014,-0.013337106,-0.010015245,-0.012284072,-0.014220965,-0.01269951,-0.011831267,-0.012421549,-0.015548684,-0.017287446,-0.015258784
2/10/2014,0.00000514,0.000449082,0.001626982,0.002616604,0.000165728,0.001826203,0.002068629,0.004151821,0.003024166,0.002346382
3/10/2014,0.011103635,0.010714556,0.009210107,0.008588552,0.009420093,0.010708219,0.008653372,0.011611002,0.010796851,0.013312116
6/10/2014,-0.001566386,-0.000908917,-0.0000692,-0.000256979,-0.002819714,-0.004442333,-0.004598062,-0.004411417,-0.003835832,-0.003346473
7/10/2014,-0.015241618,-0.013895022,-0.013381571,-0.011629155,-0.01672839,-0.01509642,-0.016409129,-0.0154806,-0.017008018,-0.016439782
8/10/2014,0.017310947,0.010711896,0.011611265,0.014782286,0.012703811,0.015284591,0.014586748,0.016836425,0.016268454,0.0165489
9/10/2014,-0.020877849,-0.014458418,-0.015554423,-0.015748495,-0.019898314,-0.019669564,-0.021847069,-0.017209206,-0.019288477,-0.019120762
10/10/2014,-0.01151708,-0.001259721,-0.002212832,-0.006194964,-0.006922362,-0.007064914,-0.008229065,-0.007615794,-0.012409864,-0.009828028
13/10/2014,-0.016605033,-0.009660468,-0.010652149,-0.010250822,-0.012420315,-0.014276196,-0.015925825,-0.014151881,-0.017408822,-0.015314703
14/10/2014,0.00157762,0.003079019,0.002728198,0.005839539,0.002260536,0.003458773,0.004332484,0.007051763,0.005602773,0.007094737
15/10/2014,-0.008133301,-0.008609906,-0.0080963,-0.003991556,-0.005443071,-0.005455155,-0.005313811,-0.005358881,-0.004071299,-0.003738673
16/10/2014,0.000144967,-0.000784006,-0.005372903,-0.008527183,-0.000452916,0.001218656,0.004320004,0.0059262,0.001004667,0.003499223
17/10/2014,0.012801813,0.013641669,0.010146912,0.01130325,0.01074683,0.01021878,0.009955455,0.009797778,0.010637125,0.011047064
20/10/2014,0.009101116,0.00535537,0.00647663,0.009877781,0.009460011,0.011057288,0.00853588,0.008533367,0.010390397,0.010942911
21/10/2014,0.019385371,0.012497108,0.013164313,0.015789885,0.016135039,0.017425394,0.017784813,0.017238289,0.017983926,0.018757563
22/10/2014,-0.007326101,-0.00253902,-0.0018731,-0.002756391,-0.0049812,-0.006312936,-0.007744724,-0.007009806,-0.007481668,-0.004654263
23/10/2014,0.012228306,-0.000459235,0.001210862,0.003729475,0.004107265,0.004559588,0.003116812,0.00531205,0.004227838,0.006551349
24/10/2014,0.00702869,0.008278487,0.006564665,0.006832418,0.007636665,0.008820107,0.008611505,0.006713116,0.006305312,0.00689357
27/10/2014,-0.001502697,0.00597506,0.002710521,0.004652225,0.001729157,0.003397014,0.002434304,0.002581835,0.000834112,0.001850213
28/10/2014,0.011868365,0.011196446,0.009032941,0.011963387,0.013555119,0.009570061,0.011016067,0.010153488,0.012199674,0.012055965
29/10/2014,-0.001386316,-0.002162555,-0.003082495,-0.001452994,-0.000435094,-0.002180337,-0.002130992,-0.004430032,-0.001565707,0.000160807
30/10/2014,0.006210797,0.007254799,0.005711816,0.004357279,0.004663865,0.005033297,0.006259095,0.009431349,0.004865233,0.006687465
31/10/2014,0.011663115,0.009578809,0.008381949,0.006722719,0.012411141,0.009767986,0.005571484,0.004552858,0.008261344,0.009924329
3/11/2014,-0.000118929,0.001308323,-0.001693495,0.000723933,-0.000296144,-0.000595691,-0.001668426,0.000074,0.002452555,0.002701371
4/11/2014,-0.002833853,0.007421643,0.00425052,0.006455497,0.003175862,0.00199622,0.001151308,0.00090954,-0.00168417,0.001058749
5/11/2014,0.005684311,0.003331622,0.002754869,0.002075018,0.001061453,0.0027702,0.000485928,-0.000224477,0.002846476,0.003141199
6/11/2014,0.003768404,0.004253012,0.004299236,0.007283475,0.006048717,0.003824061,0.005262402,0.006255537,0.005570523,0.005840831
7/11/2014,0.000349525,0.000307298,0.002129298,-0.001880287,-0.001211234,-0.002800401,-0.001685279,-0.002808126,-0.003545299,-0.000844215
10/11/2014,0.003115327,0.004635223,0.003619762,0.006518657,0.003977103,0.005394542,0.003627797,0.006471607,0.003567014,0.005607815
11/11/2014,0.000696452,-0.000828317,-0.00057302,0.0000221,0.000041,-0.0000501,-0.001096324,-0.000963576,-0.002916199,-0.001396811
12/11/2014,-0.000701363,-0.0000841,0.000384257,-0.001375579,-0.001673907,-0.001274863,-0.002034882,-0.000719485,-0.001697068,0.001576895
13/11/2014,0.000529704,0.000320365,-0.000615831,-0.004675512,-0.003125673,-0.004776172,-0.00421251,-0.005574942,-0.002614903,-0.00251357
14/11/2014,0.000240241,-0.00470135,-0.002645134,-0.002233,-0.001952854,-0.001662347,-0.002254936,-0.002601149,-0.002093798,-0.000561452
17/11/2014,0.000735089,0.002104225,0.001690793,0.001176416,-0.000118983,0.000469258,0.000448172,0.001744993,-0.00207494,0.000109034
18/11/2014,0.00512085,0.0000221,-0.001074486,0.001373429,0.001664729,0.003066963,0.003459222,0.00137895,0.00492997,0.004833688
19/11/2014,-0.001502287,0.000301985,-0.002219224,-0.0007651,-0.000832807,-0.000135886,-0.000787119,-0.000150844,0.0000432,0.001671343
20/11/2014,0.001965164,-0.000601524,0.000409942,0.001152119,0.003265576,0.004288556,0.00180347,-0.000831447,0.001153426,0.004097132
21/11/2014,0.005223213,0.003202879,0.003181249,0.003123091,0.003816934,0.004250668,0.001852462,0.001499111,0.002581436,0.003755474
24/11/2014,0.00285993,0.003583871,0.001720524,0.003123669,0.003508408,0.003976344,0.002977691,0.002947029,0.002282364,0.004345043
25/11/2014,-0.001150692,0.000520319,-0.000294839,0.003212182,-0.000813402,0.000665796,-0.000482984,-0.000574006,0.001022907,0.001177812
26/11/2014,0.002802053,0.002801348,0.001564568,0.002435011,0.002195185,0.003499123,0.002181404,0.001772972,0.000920881,0.003804331
28/11/2014,-0.002545664,0.005197434,-0.001352323,0.004020158,-0.003627872,-0.004569247,-0.003397937,-0.002383945,-0.004254289,-0.003371181
1/12/2014,-0.00685279,-0.003367923,-0.005778732,-0.011248087,-0.010767533,-0.009801163,-0.008218328,-0.009819124,-0.01296886,-0.009459798
2/12/2014,0.006364167,0.005467853,0.004215974,0.005080124,0.007877257,0.008682324,0.006139935,0.005568701,0.007407955,0.007070013
3/12/2014,0.003757674,0.001511919,0.001431507,0.000675674,0.002749439,0.005136605,0.003495616,0.003054547,0.002734506,0.003493027
4/12/2014,-0.001162572,0.004283953,0.000429411,0.001947943,0.001512952,0.001509325,-0.000695454,-0.005040641,0.001086425,0.002068899
5/12/2014,0.001663831,0.002292896,0.001732601,0.003850222,0.001143253,0.000581563,-0.0006701,-0.0000554,0.001375439,0.002030406
8/12/2014,-0.007283022,0.003635318,-0.002278692,-0.001851438,-0.004152921,-0.002917308,-0.006011116,-0.00508577,-0.005724143,-0.005362186
9/12/2014,-0.000237852,-0.006357461,-0.004545058,-0.000313978,-0.000991724,-0.000381725,-0.0000142,-0.002680014,0.000127748,0.000409263
10/12/2014,-0.016486121,-0.008100414,-0.012468976,-0.010603442,-0.013109239,-0.012860858,-0.01474469,-0.01261704,-0.011537879,-0.01102542
11/12/2014,0.004525434,0.000214243,-0.000792776,0.001688145,0.000258187,0.00166114,0.001370704,0.001434264,0.002879907,0.003827928
12/12/2014,-0.016346466,-0.013478004,-0.013723449,-0.014531542,-0.013301111,-0.01202094,-0.013085544,-0.015166423,-0.017365785,-0.015542709
15/12/2014,-0.006362786,-0.003506183,-0.005083455,-0.006630685,-0.006015658,-0.006997154,-0.00573356,-0.00306135,-0.006500088,-0.004688464
16/12/2014,-0.00852526,-0.005267109,-0.005790645,-0.002860525,-0.005943626,-0.006508366,-0.006155707,-0.004086731,-0.005958161,-0.005234153
17/12/2014,0.020148074,0.014208212,0.016219683,0.018015806,0.019303191,0.019533645,0.019149987,0.017698975,0.017189169,0.018615305
18/12/2014,0.023731374,0.015548426,0.016847903,0.019921623,0.018801499,0.020238718,0.018791353,0.016666215,0.018900633,0.019844536
19/12/2014,0.004559638,0.001328957,0.004145734,0.005115507,0.006227504,0.007487799,0.004054946,0.003655002,0.005547773,0.006057741
22/12/2014,0.003803223,0.006836711,0.002958548,0.003606879,0.003151016,0.002066247,0.001927986,0.001978774,0.003901782,0.004762997
23/12/2014,0.001744839,0.005435717,0.007462131,0.004488877,0.004887913,0.00508606,0.003088967,0.002046357,0.002500265,0.003496517
24/12/2014,-0.000139306,-0.003325636,-0.002832001,-0.00244083,-0.002376153,-0.001253217,-0.001886434,-0.000541186,-0.000248618,0.000147731
26/12/2014,0.00330411,-0.001069947,-0.000210624,0.002474209,-0.0000227,0.00210627,0.000691622,0.004258774,0.002308509,0.003489954
29/12/2014,0.000861403,0.000571217,0.000733907,0.001569054,0.002187994,0.002149587,0.000899448,0.002844304,-0.001017419,0.001977757
30/12/2014,-0.004900593,-0.002848625,-0.002582256,-0.003477109,-0.003039229,-0.002079021,-0.002497348,-0.005274133,-0.005938454,-0.004201438
31/12/2014,-0.010364384,-0.012658186,-0.012012099,-0.010650133,-0.011115365,-0.009409036,-0.011520483,-0.010443921,-0.012709728,-0.009721829
2/1/2015,-0.000340021,-0.001449692,0.000190291,0.001017006,0.000152697,0.000708219,0.00053109,0.00331622,-0.000949198,0.000642167
5/1/2015,-0.018447213,-0.00787022,-0.012755817,-0.011156551,-0.013600002,-0.015085244,-0.017142383,-0.021251883,-0.017985616,-0.0157823
6/1/2015,-0.008933255,-0.008231272,-0.007630312,-0.007998462,-0.008610672,-0.006574471,-0.006775455,-0.005731018,-0.00938884,-0.007005405
7/1/2015,0.011562736,0.012288644,0.011744415,0.010173331,0.011222928,0.012292054,0.010782146,0.011117106,0.012215969,0.012860809
8/1/2015,0.017730169,0.015359311,0.015259519,0.01795347,0.017009215,0.016308084,0.014534084,0.012650998,0.015656078,0.016016545
9/1/2015,-0.008439322,-0.009449388,-0.008157959,-0.004780312,-0.006248111,-0.006161892,-0.007517265,-0.007528141,-0.008251064,-0.007552304
12/1/2015,-0.008126617,-0.007522642,-0.008881083,-0.009804738,-0.011573284,-0.010147525,-0.011308664,-0.012542559,-0.010525506,-0.009942593
13/1/2015,-0.002581886,0.001892282,-0.0000979,0.001688842,0.000836637,0.000665185,-0.0000902,0.000924796,0.003161607,0.002196352
14/1/2015,-0.005830029,-0.004328374,-0.006216387,-0.006437661,-0.001444006,-0.003621238,-0.003081724,-0.003214396,-0.00533726,-0.005171656
15/1/2015,-0.009290903,-0.002002929,-0.002788857,-0.002362891,-0.008036658,-0.009143027,-0.009538415,-0.010236308,-0.007537719,-0.006790256
16/1/2015,0.013334893,0.013871479,0.014694356,0.015507879,0.017549107,0.017571164,0.015335167,0.014449319,0.016048379,0.017255507
20/1/2015,0.001548752,0.000138415,0.000787213,0.000920184,0.002228922,0.002573931,0.001915975,0.000563644,0.000704358,0.002418939
21/1/2015,0.004720465,-0.003160043,0.004944007,0.005764882,0.005707112,0.00714888,0.004765925,0.006531978,0.005701671,0.006402116
22/1/2015,0.015154313,0.014691729,0.014874881,0.01454189,0.014124835,0.013061559,0.011931139,0.010975992,0.01109542,0.014351499
23/1/2015,-0.005506656,-0.009550204,-0.008344352,-0.008885896,-0.006107992,-0.004402825,-0.004683058,-0.002024034,-0.003611258,-0.003200625
26/1/2015,0.002565168,0.0000706,0.004161592,0.006437295,0.004454449,0.004080523,0.003797165,0.002526125,0.005624293,0.004708502
27/1/2015,-0.013478288,-0.012181312,-0.010953574,-0.01049766,-0.010322548,-0.010373844,-0.009394203,-0.009071573,-0.009625361,-0.009118713
28/1/2015,-0.013587503,-0.01756694,-0.017998477,-0.01511482,-0.018813701,-0.016686413,-0.018034993,-0.016126262,-0.015769072,-0.015483542
29/1/2015,0.009489517,0.008026835,0.004956497,0.003373847,0.002954883,0.007380857,0.011649216,0.013570227,0.009861954,0.013371016
30/1/2015,-0.013077099,-0.01726523,-0.016637404,-0.01409278,-0.014539016,-0.013536459,-0.011049865,-0.01760762,-0.015479233,-0.01466862
2/2/2015,0.01287917,0.012998325,0.013876555,0.014986181,0.013139025,0.011846799,0.009936477,0.012521864,0.011777207,0.013365231
3/2/2015,0.014336238,0.009687793,0.014362078,0.014199484,0.013791081,0.013939606,0.015295613,0.017074477,0.013500751,0.015668655
4/2/2015,-0.004164706,0.004402626,-0.000429675,0.000279346,-0.000277516,-0.001676955,-0.00123292,-0.002535405,-0.006120665,-0.003123072
5/2/2015,0.010238811,0.007729378,0.008805729,0.009971851,0.008107513,0.010759055,0.010905233,0.009237986,0.005593502,0.009267283
6/2/2015,-0.003424028,-0.004568034,-0.005073264,-0.005493598,-0.006298253,-0.006483076,-0.007494989,-0.006552962,-0.006436232,-0.005007702
9/2/2015,-0.00425624,-0.003767285,-0.001279785,0.000115188,-0.002995693,-0.004736842,-0.004091041,-0.002148007,-0.00453062,-0.002778336
10/2/2015,0.01061898,0.004563863,0.004362298,0.009783575,0.009173252,0.008923128,0.008359231,0.008883984,0.009412121,0.008918801
11/2/2015,-0.000029,0.008240662,0.00609751,0.004139926,0.004991466,0.002831551,0.001396714,-0.004755292,0.000926833,0.003509317
12/2/2015,0.009598295,0.005778965,0.007162071,0.009156206,0.011112103,0.00937237,0.011615608,0.006789641,0.006878553,0.009314748
13/2/2015,0.004066459,-0.005343847,-0.003573154,-0.002640287,-0.000326095,-0.000220432,-0.003834167,-0.000680868,-0.002959148,0.000554277
17/2/2015,0.0015963,0.006048818,0.006889907,0.003664429,0.005942623,0.00941225,0.007972874,0.004337381,0.001697672,0.004701032
18/2/2015,-0.000314359,0.00561328,0.005831221,0.006006557,0.005216382,0.004665258,0.003364715,0.007222407,0.005247651,0.006042652
19/2/2015,-0.001062622,-0.002743465,-0.003644101,-0.005504137,-0.003515803,-0.004104694,-0.003390841,-0.001734484,-0.004051964,-0.002045285
20/2/2015,0.006107843,0.002638892,0.002685527,0.005241879,0.003714222,0.003947267,0.002796512,0.003735995,0.00127412,0.004354322
23/2/2015,-0.000303385,-0.000107078,-0.002706093,0.000968023,-0.000745994,-0.000218839,-0.001089068,-0.003966947,-0.000355454,-0.001364575
24/2/2015,0.002754972,0.003131012,0.001912785,0.002470308,0.002993787,0.003332638,-0.0000622,0.003165207,0.002052772,0.003545695
25/2/2015,-0.000766017,-0.001034477,-0.0019878,0.005119891,0.003858904,0.003563356,0.003945196,0.002683335,0.001143258,0.002187541
26/2/2015,-0.001477119,-0.002540759,-0.003164361,-0.001681954,-0.004744024,-0.002318548,-0.002535478,-0.000779365,-0.003295373,-0.00209957
27/2/2015,-0.002960683,-0.002125766,-0.001920253,-0.000717828,-0.000831028,-0.000630809,-0.001428177,-0.000587284,-0.0031842,-0.000874784
2/3/2015,0.006106238,0.005451716,0.004557224,0.008316612,0.005127451,0.004332258,0.005725193,0.006219433,0.00698552,0.006154507
3/3/2015,-0.004548873,-0.003465329,-0.004051649,-0.003161679,-0.002533547,-0.003183327,-0.003128797,0.00194877,-0.004296207,-0.002376856
4/3/2015,-0.004398161,-0.007324005,-0.007354734,-0.004819291,-0.006632282,-0.005497544,-0.0066334,-0.004780808,-0.005217329,-0.004712484
5/3/2015,0.001195365,0.004861389,0.002289354,0.004336659,0.003659954,0.004754044,0.002179065,0.002113667,0.001669146,0.004303902
6/3/2015,-0.014275356,-0.015076159,-0.016586512,-0.017063865,-0.01470252,-0.01584026,-0.016520876,-0.012554077,-0.019414879,-0.015428497
9/3/2015,0.003936662,0.003465825,0.000102769,0.001653568,0.002264251,0.003608424,0.001618506,0.001763373,0.000455901,0.003322684
10/3/2015,-0.017106821,-0.016720884,-0.01802846,-0.01667349,-0.01569446,-0.01554724,-0.016736113,-0.014366677,-0.016488342,-0.014969639
11/3/2015,-0.001919521,-0.000492499,-0.000692882,-0.000408365,-0.000861217,-0.000650689,-0.000840298,-0.003826176,-0.000514446,-0.000128585
12/3/2015,0.012522702,0.012805356,0.011485239,0.012188938,0.012155626,0.012290435,0.010274868,0.011206755,0.012013741,0.012727969
13/3/2015,-0.006093237,-0.004599875,-0.006175947,-0.001499115,-0.004550769,-0.003449455,-0.004890901,-0.005613682,-0.005115354,-0.004266785
16/3/2015,0.013442909,0.015755495,0.011949187,0.013172411,0.013723951,0.013775776,0.014958575,0.013824475,0.015069275,0.014586412
17/3/2015,-0.003325698,-0.004220579,-0.005498745,-0.002360702,-0.003136955,-0.003173485,-0.002755685,-0.002548129,-0.004403104,-0.001766936
18/3/2015,0.012085102,0.008383211,0.009583064,0.012538853,0.012372348,0.012344122,0.013138872,0.010485379,0.011219207,0.012030574
19/3/2015,-0.004884489,-0.003855144,-0.0050534,-0.003973716,-0.004275974,-0.004614769,-0.004432866,-0.002414883,-0.003226268,-0.002218662
20/3/2015,0.008972382,0.007666622,0.009321626,0.013056567,0.00924608,0.010619641,0.010615584,0.011420217,0.011154542,0.010505672
23/3/2015,-0.001747257,0.000991338,0.003323136,0.000287246,-0.0000916,0.000763569,-0.00110619,-0.004033768,-0.001984173,0.000716685
24/3/2015,-0.006158346,-0.007701024,-0.006183375,-0.006082795,-0.005179034,-0.005331195,-0.007039797,-0.005824529,-0.00740647,-0.005410254
25/3/2015,-0.014665926,-0.013525777,-0.012534142,-0.013901531,-0.015032962,-0.014479185,-0.015118561,-0.010870321,-0.014719636,-0.013674914
26/3/2015,-0.002380331,-0.004348007,-0.003748576,-0.004499671,-0.004047123,-0.003148434,-0.003040623,0.001987735,-0.004433569,-0.002357325
27/3/2015,0.002365761,0.000590622,-0.001816918,0.000748419,0.001528864,0.001824531,0.000777278,0.001084578,0.002438365,0.003286241
30/3/2015,0.012162382,0.011373742,0.011366734,0.012213712,0.012093392,0.010369902,0.009963878,0.010284207,0.009925606,0.012173708
31/3/2015,-0.008834686,-0.006150917,-0.006052331,-0.005763849,-0.007702909,-0.007032227,-0.006880592,-0.008372194,-0.008275459,-0.008086835
1/4/2015,-0.003973255,-0.002941109,-0.003722515,-0.00279958,-0.001658551,-0.001938392,-0.004164517,-0.007283562,-0.004576819,-0.002987606
2/4/2015,0.003523453,0.004901102,0.005373415,0.006573217,0.005496503,0.003326143,0.003216589,0.003910667,0.002609565,0.004447175
6/4/2015,0.006587073,0.00688153,0.008833934,0.011257376,0.008930367,0.007731534,0.007994648,0.007470237,0.009116359,0.008983437
7/4/2015,-0.002064033,-0.003170148,-0.003236504,-0.004111014,-0.00433498,-0.003289854,-0.003203592,-0.001896059,-0.003880785,-0.001778636
8/4/2015,0.002678941,0.003647538,0.00342446,0.005063369,0.004597609,0.00408903,0.003599487,0.005118616,0.005504838,0.005241197
9/4/2015,0.004447576,-0.000484813,0.001747195,0.003267427,0.001760818,0.003109944,0.00258999,0.004877658,0.00601964,0.005073229
10/4/2015,0.005189377,0.001801949,0.001328841,0.003814499,0.003274724,0.002596002,0.002369917,0.001108684,0.00257531,0.003881483
13/4/2015,-0.004591807,-0.002279255,-0.002025728,-0.002819553,-0.002678363,-0.003363292,-0.004005015,-0.004813711,-0.005778036,-0.003706394
14/4/2015,0.001628432,0.002907376,0.003240786,0.0045779,0.003942234,0.002307888,0.002067415,0.003761231,-0.000138252,0.002910282
15/4/2015,0.005134989,-0.000541589,0.004052706,0.006489706,0.003336369,0.004475612,0.004335065,0.007672848,0.004070185,0.005304684
16/4/2015,-0.000778747,-0.001217676,0.004141165,0.001156935,0.001042906,0.002193132,0.001315368,0.00161961,-0.001424574,0.001403613
17/4/2015,-0.011375704,-0.015235564,-0.013964458,-0.011305871,-0.012945651,-0.013076933,-0.015267001,-0.013891523,-0.012648976,-0.012013566
20/4/2015,0.009192748,0.003946903,0.003766919,0.004377784,0.00489636,0.004452662,0.005684134,0.00752009,0.006156265,0.007448957
21/4/2015,-0.001481702,-0.001782751,-0.004453423,0.001241273,-0.001380537,-0.002232294,-0.003196444,0.000726314,-0.001381789,-0.000627873
22/4/2015,0.005074583,-0.00171805,-0.000593424,0.003467513,0.001599695,0.000915277,0.000120925,0.000226271,-0.000832584,0.00183532
23/4/2015,0.002354941,-0.00156742,-0.002180761,-0.0000911,-0.000666601,0.001050698,0.001240504,0.001456249,-0.000302281,0.000806377
24/4/2015,0.002250266,0.003296384,0.004515908,0.004451341,0.002217529,-0.000199358,0.000625858,-0.0000332,-0.001481143,0.001716267
27/4/2015,-0.004149913,-0.005102049,-0.003635029,-0.005681103,-0.006094845,-0.007293459,-0.008306698,-0.009798494,-0.009435904,-0.006012719
28/4/2015,0.002765404,0.001988659,0.003234218,0.002431379,0.002668385,0.002284451,0.001323833,-0.00073586,-0.000715468,0.001767057
29/4/2015,-0.003747348,-0.008434908,-0.011536338,-0.007470522,-0.007817836,-0.00749684,-0.007638464,-0.003831039,-0.004918665,-0.004312446
30/4/2015,-0.010180553,-0.008123394,-0.003808958,-0.002818272,-0.007448248,-0.009102566,-0.011342541,-0.008396774,-0.008787402,-0.007722195
1/5/2015,0.010863776,0.006759855,0.006603877,0.004916248,0.006618923,0.007412128,0.004244011,0.005277334,0.007053613,0.007877332
4/5/2015,0.002936433,0.003271234,0.002803607,0.004507581,0.003179525,0.001254794,0.0000572,-0.000460859,0.002364593,0.003157101
5/5/2015,-0.011908003,-0.008894024,-0.007987592,-0.006453732,-0.010278878,-0.008629392,-0.010391901,-0.00781698,-0.011748199,-0.010534006
6/5/2015,-0.004465681,-0.000369772,-0.002961484,0.000235393,-0.002686233,-0.003839016,-0.003873094,-0.000354985,-0.001522812,-0.00431019
7/5/2015,0.003766711,0.007982753,0.005840162,0.006378093,0.007568685,0.006101158,0.006427562,0.0062771,0.005140909,0.008047848
8/5/2015,0.013368148,0.012318245,0.01382157,0.015512241,0.014602176,0.012496565,0.014696942,0.013088237,0.011624337,0.012573573
11/5/2015,-0.005102557,-0.002084858,-0.002224518,-0.002058706,-0.002484747,-0.002713293,-0.002638636,-0.004362892,-0.003857922,-0.00328112
12/5/2015,-0.002953996,-0.004026196,-0.003444955,-0.000722535,-0.003403438,-0.004090636,-0.004159596,-0.004039684,-0.0033117,-0.003547058
13/5/2015,-0.000305001,-0.002245373,-0.002320126,-0.00117317,-0.000523019,-0.000341656,0.001649209,0.000130747,-0.001595766,-0.001989634
14/5/2015,0.010721605,0.012990564,0.011350344,0.010999486,0.008236509,0.007898212,0.006923378,0.009174882,0.007884095,0.010145697
15/5/2015,0.000768118,-0.001439156,0.0000859,0.001934191,0.00219153,0.00289758,0.001343595,0.001968622,0.000601587,0.00206409
18/5/2015,0.003043313,0.00465722,0.00241819,0.003312652,0.00505116,0.004560994,0.002822868,-0.000197123,0.004042514,0.004984773
19/5/2015,-0.000643582,0.002203905,-0.000797257,-0.001573859,-0.000340909,-0.000113214,-0.001749269,-0.004586366,-0.001906082,-0.001081259
20/5/2015,-0.000930949,0.000391707,0.000337952,0.000116834,-0.00000426,-0.000370915,0.00066942,-0.003865081,-0.000276365,0.00059313
21/5/2015,0.002335146,-0.000634531,0.000824501,0.001305179,0.00145069,0.002071728,-0.000394114,0.001205154,0.001624379,0.00230113
22/5/2015,-0.002236385,-0.002966703,-0.004025721,-0.002041393,-0.003210606,-0.003508843,-0.002869364,-0.003791882,-0.003145589,-0.002059704
26/5/2015,-0.010335205,-0.010616881,-0.012315217,-0.013855147,-0.010984073,-0.011904011,-0.012953422,-0.013243957,-0.012288809,-0.01160339
27/5/2015,0.009120919,0.005351045,0.005230375,0.008593624,0.007135293,0.005539394,0.006803927,0.005717078,0.002547148,0.00824005
28/5/2015,-0.001267564,-0.0000156,-0.000708996,0.000132563,-0.001394766,-0.00093901,-0.001429896,-0.003615387,-0.005960652,-0.003545277
29/5/2015,-0.006338515,-0.008134921,-0.007987208,-0.006714793,-0.005884025,-0.005268195,-0.007093822,-0.007143341,-0.00691973,-0.005831482
1/6/2015,0.002057343,0.000781413,-0.001033103,0.002568836,0.000549077,0.001237105,0.000929559,0.002112815,0.002627599,0.002203505
2/6/2015,-0.001009105,-0.000963434,0.001523995,-0.000305465,-0.0000599,-0.000157266,-0.001354634,0.00394945,-0.00219181,0.000973284
3/6/2015,0.002116629,0.002588468,0.00063795,0.001184685,-0.0000599,-0.001339653,-0.001321339,0.000313928,-0.001626491,0.000173497
4/6/2015,-0.008660562,-0.01085562,-0.008731087,-0.007464406,-0.009869209,-0.009811467,-0.010103924,-0.009162145,-0.006532009,-0.008114853
5/6/2015,-0.001437215,-0.005908706,-0.004636008,-0.002468222,-0.001939714,-0.002669521,-0.003968095,-0.001888525,-0.00392872,-0.001421466
8/6/2015,-0.00649556,-0.003152964,-0.004940393,-0.003512664,-0.004524502,-0.005606242,-0.006147294,-0.008367356,-0.006874484,-0.005875734
9/6/2015,0.000418265,0.003759714,0.004718251,0.003609494,0.002279608,0.001692805,-0.000626733,0.000465832,-0.000482447,0.001510062
10/6/2015,0.011970492,0.011792463,0.012023195,0.012642326,0.011171646,0.010535223,0.008447886,0.008413401,0.010628552,0.013203588
11/6/2015,0.001737117,0.004517929,0.001691063,0.002570051,0.003517232,0.003030047,0.004072555,0.003939112,0.001897871,0.003279968
12/6/2015,-0.007018875,-0.003890194,-0.004812876,-0.005379021,-0.004930253,-0.004382151,-0.004776622,-0.003144658,-0.005324667,-0.003882371
15/6/2015,-0.004633289,-0.007450262,-0.007727534,-0.005647304,-0.005796123,-0.005514857,-0.005836796,-0.007927127,-0.006217638,-0.004605255
16/6/2015,0.00567373,0.005814094,0.006480197,0.005848829,0.005563019,0.005717457,0.006002513,0.004351619,0.004482658,0.007077015
17/6/2015,0.001977684,0.00355738,0.002610411,0.004769686,0.004808489,0.002986947,0.004935073,0.000715424,0.004454865,0.004346108
18/6/2015,0.009854,0.009843173,0.008412421,0.008812289,0.010547219,0.011582207,0.010167237,0.009307703,0.011845392,0.012385812
19/6/2015,-0.005317615,-0.006510214,-0.007428626,-0.00369087,-0.005905774,-0.006194877,-0.006824255,-0.005959108,-0.00526051,-0.004081707
22/6/2015,0.006076368,-0.001143567,-0.000245436,0.001702058,0.005425718,0.006179063,0.010796779,0.009578564,0.005295411,0.004577955
23/6/2015,0.000635666,-0.001675139,-0.000698294,-0.000382739,-0.00103503,-0.001106065,-0.00396477,-0.000929973,-0.003887946,0.000752493
24/6/2015,-0.007380466,-0.007771044,-0.007042712,-0.007500465,-0.008264285,-0.008276346,-0.009539803,-0.00690379,-0.010808648,-0.008448944
25/6/2015,-0.002978004,-0.006846128,-0.008937497,-0.004706131,-0.006826275,-0.007699885,-0.007873502,-0.008327466,-0.005589569,-0.00457744
26/6/2015,-0.000390156,0.00207761,0.001602928,-0.004192419,-0.002758358,-0.004808061,-0.003856066,-0.002231552,-0.003558313,-0.000562668
29/6/2015,-0.021086969,-0.020010427,-0.019139318,-0.021053284,-0.021548212,-0.019183256,-0.021288007,-0.018846698,-0.022743208,-0.021457708
30/6/2015,0.002654962,-0.000417742,0.00059051,0.002727857,0.001961195,0.001974688,0.002700589,0.001648555,0.002635872,0.003323377
1/7/2015,0.006912097,0.010253868,0.008230018,0.010985685,0.008905377,0.008264096,0.007430597,0.005638448,0.006187185,0.006428685
2/7/2015,-0.00030807,0.0000106,0.000546983,0.00029478,0.000301568,0.002627605,0.001437868,0.003734602,0.002206265,0.002978189
6/7/2015,-0.003869232,-0.001517938,-0.002655968,-0.002991847,-0.003375462,-0.003780486,-0.003250378,-0.002892232,-0.003784145,-0.002711992
7/7/2015,0.006062561,0.011647767,0.01272527,0.012224916,0.011550561,0.012346633,0.008565205,0.007916106,0.011639396,0.010469124
8/7/2015,-0.016792965,-0.011080718,-0.01282589,-0.01322865,-0.0123263,-0.011822791,-0.013958816,-0.015932033,-0.017984204,-0.015723256
9/7/2015,0.002259648,0.002562423,0.003358591,0.000328498,0.002167225,0.002052363,0.001670883,0.001446179,-0.000785083,0.002379829
10/7/2015,0.012262986,0.008597691,0.00698913,0.008449387,0.009734443,0.008304724,0.007920193,0.006085903,0.007795984,0.01071278
13/7/2015,0.011005269,0.008448319,0.009904108,0.013319958,0.010074795,0.00831838,0.008139436,0.009209544,0.00942756,0.010698884
14/7/2015,0.004443273,0.001624641,0.002354214,0.00776824,0.00583872,0.007157568,0.005161992,0.003933829,0.003742423,0.00525375
15/7/2015,-0.000735256,-0.001966075,-0.005382217,-0.003632893,-0.004436695,-0.004083773,-0.004834111,-0.007476104,-0.006714156,-0.00570828
16/7/2015,0.007982734,0.009361291,0.013919402,0.011279829,0.012770727,0.011338292,0.009272955,0.005809059,0.006998338,0.009857452
17/7/2015,0.001105572,-0.00297025,-0.005734104,-0.004712773,-0.00619389,-0.005844177,-0.006466393,-0.004940902,-0.004819486,-0.002459054
20/7/2015,0.000770936,0.00259745,-0.002028646,-0.00109992,-0.002118931,-0.00330754,-0.005124733,-0.001502746,-0.002054962,-0.000587824
21/7/2015,-0.004270796,-0.003369245,-0.002721882,0.000613257,-0.001989277,-0.002803567,-0.003605652,-0.002928363,-0.003347656,-0.001972948
22/7/2015,-0.002390565,0.004070596,0.000995103,-0.001253976,-0.001086298,-0.000851538,0.000195964,0.003682834,-0.001996811,-0.000513462
23/7/2015,-0.00569221,0.000523826,-0.001747184,0.00135412,-0.00072014,-0.001296501,0.002457274,-0.00398502,-0.005754262,-0.003368723
24/7/2015,-0.010761021,-0.002242066,-0.006310853,-0.003982153,-0.008443504,-0.013268483,-0.01199619,-0.008600558,-0.013604336,-0.010632008
27/7/2015,-0.005791755,-0.00071591,-0.004146517,-0.0035864,-0.006196341,-0.003646058,-0.003480984,-0.001553056,-0.006629197,-0.004653751
28/7/2015,0.012310074,0.000872242,0.006370754,0.010787879,0.005148931,0.011419929,0.009482747,0.014027385,0.0092926,0.010313153
29/7/2015,0.007292143,0.007430373,0.007151631,0.008465526,0.008285865,0.007679576,0.006650846,0.003002105,0.005807733,0.007199414
30/7/2015,0.0000284,-0.001513652,0.000466334,-0.002890173,0.001383324,0.000926541,-0.003841214,-0.001647232,0.00063674,0.001984276
31/7/2015,-0.002274104,-0.002517074,-0.00278285,-0.005765721,-0.003962663,-0.001853062,-0.002024486,-0.005284712,-0.002861602,-0.000608093
3/8/2015,-0.002760694,0.0035521,-0.000516213,-0.0000794,-0.000197926,0.00208098,0.002948108,0.003544563,-0.002779105,0.002086341
4/8/2015,-0.002252239,0.001081448,0.002860672,-0.000141776,0.000796445,-0.001505859,-0.00096331,-0.001165882,-0.003045305,0.000661044
5/8/2015,0.003109838,0.007830762,0.006396224,0.013146453,0.008215122,0.007913858,0.007921549,0.006990471,0.005095302,0.006594022
6/8/2015,-0.007783196,-0.00612354,-0.00074158,-0.002306846,-0.002631749,-0.00324114,-0.008091502,-0.008906897,-0.005122128,-0.005111556
7/8/2015,-0.002879023,-0.001683991,-0.003636928,-0.002930138,-0.002388486,-0.002548701,-0.002548592,-0.004104036,-0.000628026,-0.000589064
10/8/2015,0.012726836,0.007019995,0.009634426,0.01305333,0.011358515,0.011179538,0.009395758,0.008840692,0.010357425,0.011204054
11/8/2015,-0.009603065,-0.004696073,-0.009512864,-0.008136692,-0.008135453,-0.008002915,-0.006442356,-0.006035974,-0.005111567,-0.007846005
12/8/2015,0.000949604,-0.003409133,-0.003707387,0.001800067,0.000718559,0.00077576,0.000684323,-0.001070676,0.001076121,0.001019524
13/8/2015,-0.001276026,-0.000328814,-0.002041101,-0.003752667,-0.001485417,-0.002217514,-0.003574586,-0.002196871,-0.005259162,-0.002056238
14/8/2015,0.003904332,0.00521999,0.003478721,0.001420315,0.004544177,0.004165483,0.004227718,0.006557379,0.002782157,0.004294252
17/8/2015,0.005197892,0.003441911,0.004683313,0.006107027,0.00566139,0.005349038,0.006154082,0.005111882,0.004753282,0.006326202
18/8/2015,-0.002628983,0.001091377,-0.0000161,-0.000591479,-0.001876196,-0.002422782,-0.002855812,-0.001824866,-0.004287013,-0.002995853
19/8/2015,-0.008289137,-0.009409114,-0.010567539,-0.011088591,-0.010321413,-0.009423643,-0.010044161,-0.00823773,-0.009296611,-0.008556169
20/8/2015,-0.02132596,-0.012829647,-0.015286434,-0.017156536,-0.018592153,-0.018276023,-0.019106543,-0.018480781,-0.019305393,-0.018346487
21/8/2015,-0.032369242,-0.021219293,-0.023352087,-0.023012759,-0.024713319,-0.024500757,-0.025134072,-0.022485739,-0.028688801,-0.025134105
24/8/2015,-0.040211444,-0.041557137,-0.044493381,-0.042116575,-0.044305045,-0.043843541,-0.042651605,-0.04249252,-0.041352309,-0.040188562
25/8/2015,-0.01361425,-0.016348161,-0.016154392,-0.01278217,-0.011741617,-0.01130503,-0.010622811,-0.008513563,-0.011810491,-0.011219976
26/8/2015,0.0382913,0.025427319,0.023584478,0.02866485,0.02849493,0.029718537,0.027173489,0.027382735,0.031110473,0.02989829
27/8/2015,0.024007254,0.017425764,0.028060624,0.026732156,0.027755613,0.029196581,0.025499089,0.029906062,0.021724621,0.027288865
28/8/2015,0.000608551,-0.004869214,-0.001775993,-0.000125342,-0.001001241,0.000397954,-0.001053129,0.000907218,-0.001074325,0.00022627
31/8/2015,-0.008427078,-0.007422844,-0.006444708,-0.007487936,-0.006158368,-0.005173814,-0.007592781,-0.006419702,-0.005154338,-0.004227886
1/9/2015,-0.03002265,-0.023752926,-0.027816633,-0.025985984,-0.027165122,-0.025608681,-0.026393624,-0.029133203,-0.02999644,-0.027601926
2/9/2015,0.018127671,0.011782098,0.010315396,0.013672776,0.013525842,0.014319516,0.013179088,0.01444801,0.014750356,0.015588472
3/9/2015,0.001164116,0.006832247,0.005910432,0.004934746,0.004456852,0.005433384,0.005216719,0.005227481,0.002641668,0.005089135
4/9/2015,-0.015448309,-0.016251339,-0.016478032,-0.013838542,-0.014230546,-0.012816608,-0.015741741,-0.015706968,-0.015524073,-0.015121231
8/9/2015,0.024773637,0.027163342,0.024697872,0.02740103,0.026696183,0.024376636,0.023642808,0.023708988,0.024630502,0.026557703
9/9/2015,-0.013995036,-0.01356669,-0.010284041,-0.01446218,-0.01199981,-0.011525028,-0.012264128,-0.007455795,-0.015500912,-0.011812535
10/9/2015,0.005264075,-0.001137177,-0.000212132,0.002302273,0.000339553,0.001246413,-0.001692098,0.001455609,-0.000845481,0.002039896
11/9/2015,0.004477007,0.004550869,0.00219223,0.002068265,0.002982769,0.00275533,0.000922432,0.001392418,0.001060063,0.00299304
14/9/2015,-0.004098041,-0.003372103,-0.003154137,-0.004731221,-0.004908407,-0.004620256,-0.004374218,-0.005498823,-0.003470973,-0.002631702
15/9/2015,0.012749688,0.010556186,0.011393405,0.013817572,0.01206146,0.01012659,0.012499367,0.011518244,0.013311786,0.012291941
16/9/2015,0.008667741,0.003908895,0.010213836,0.007773405,0.008692501,0.01067835,0.009496361,0.010680172,0.009833093,0.010642324
17/9/2015,-0.002564345,-0.002588104,-0.003224187,-0.001455031,-0.002388358,0.00033002,0.000474238,0.003934793,-0.0015662,-0.000489109
18/9/2015,-0.016296231,-0.012799046,-0.01457625,-0.020122359,-0.017536961,-0.015808731,-0.016357917,-0.017760983,-0.014805562,-0.014357875
21/9/2015,0.004555392,0.0098488,0.005247124,0.004309491,0.003799758,0.00131781,0.002424857,-0.000215696,0.002947024,0.002975319
22/9/2015,-0.01239493,-0.010760022,-0.011762962,-0.009667001,-0.011752966,-0.010257986,-0.013050879,-0.013008723,-0.01520836,-0.013530265
23/9/2015,-0.002050744,0.000912223,-0.003654216,-0.005026332,-0.004983558,-0.004351736,-0.003612504,-0.005292752,-0.005908193,-0.003208202
24/9/2015,-0.003368652,-0.004340875,-0.001337018,-0.000430891,-0.002538957,0.000914089,-0.001078656,-0.001405786,-0.002234305,-0.002257178
25/9/2015,-0.000465902,0.011293731,0.007130554,0.004896206,0.00419862,0.004332562,0.003734888,0.002613083,0.003337576,0.004433081
28/9/2015,-0.026001211,-0.01735346,-0.021830419,-0.023483593,-0.026160488,-0.029407069,-0.030987998,-0.028281691,-0.028614501,-0.025881566
29/9/2015,0.001232094,0.003920605,0.002626044,0.003901844,0.002652195,0.003719722,-0.000300473,0.001321305,0.003626713,0.004569426
30/9/2015,0.018895898,0.008397138,0.013283616,0.014945792,0.014303216,0.019673998,0.018259799,0.023740731,0.015508543,0.018624721
1/10/2015,0.001971939,-0.001139495,-0.000920489,0.000472574,0.002685486,0.001473979,0.00180938,0.002827846,-0.001542751,0.001909735
2/10/2015,0.014213793,0.007514508,0.015816351,0.02071471,0.018394584,0.018272167,0.015234381,0.014746989,0.014036921,0.015503974
5/10/2015,0.018124594,0.017625829,0.020454278,0.018790169,0.018149881,0.015879689,0.018602563,0.01353054,0.015598604,0.017198619
6/10/2015,-0.003594689,-0.007293597,-0.002039289,-0.001056738,-0.002739178,-0.001459055,-0.003279959,-0.001467602,-0.005883817,-0.00367189
7/10/2015,0.00800352,0.009910509,0.013974423,0.01420026,0.011525575,0.012679247,0.01167988,0.011221094,0.009086919,0.01260428
8/10/2015,0.00877978,0.010438818,0.014137262,0.0128233,0.012396649,0.013863525,0.0112939,0.012630844,0.009702279,0.011016176
9/10/2015,0.000724849,-0.000728488,-0.000974825,-0.000355111,-0.001754957,-0.002221681,-0.001358825,0.002517475,-0.00180161,-0.000281043
12/10/2015,0.001274664,0.004322228,-0.000958431,0.000318667,0.002046798,0.00168094,0.0000275,-0.000177076,-0.001497602,0.000873909
13/10/2015,-0.006848824,-0.00811212,-0.00963092,-0.006764047,-0.009359824,-0.008943801,-0.011054013,-0.011457487,-0.009639357,-0.009274281
14/10/2015,-0.004727431,-0.008357611,-0.005026814,0.000381334,-0.001258421,-0.002027621,-0.001606419,-0.001604343,0.000192209,-0.000888884
15/10/2015,0.014743551,0.010765612,0.006519006,0.009301492,0.0086292,0.009066611,0.007861105,0.008121794,0.00950925,0.011996017
16/10/2015,0.004560061,0.007733115,0.003903987,0.003036936,0.004444219,0.005024052,0.007238015,-0.002406392,-0.001738592,0.002082298
19/10/2015,0.000270509,0.001467433,-0.000669162,0.002756001,0.000173928,0.001876148,0.001704827,-0.001805207,-0.00254577,0.0000409
20/10/2015,-0.001422101,0.005329122,0.003677717,-0.003291444,-0.000257639,-0.002621653,-0.001238425,-0.002358826,-0.002078464,0.00028611
21/10/2015,-0.005842449,0.001513458,-0.00104193,-0.00781645,-0.006602367,-0.002124279,-0.00346985,-0.006669968,-0.006107279,-0.005174236
22/10/2015,0.016490847,0.01641239,0.013743349,0.012342763,0.012133702,0.00759787,0.003743746,0.029401463,0.009900163,0.013824578
23/10/2015,0.010969954,0.002460767,0.003615495,0.009603471,0.006146621,0.008511919,0.007033036,0.004883829,0.008952075,0.008151294
26/10/2015,-0.001914933,-0.003495844,-0.003776843,-0.001714839,-0.004617481,-0.002251624,-0.006652759,-0.000699366,-0.003075199,-0.002080094
27/10/2015,-0.002557386,0.006383309,0.002149294,0.003167237,0.004978286,0.004187136,0.002880948,0.000685433,0.001065982,0.000865148
28/10/2015,0.011770488,0.005942326,0.007766041,0.00751781,0.00823389,0.006879818,0.006688751,0.007177214,0.007787054,0.009096616
29/10/2015,-0.000449876,0.00019829,0.000322279,0.001726973,-0.000414649,-0.000931617,0.000734396,0.001165528,-0.001303804,-0.001565967
30/10/2015,-0.004821482,-0.01167764,-0.007873347,-0.002077144,-0.000444791,-0.002907589,-0.003335312,-0.007019581,-0.003448049,-0.002286118
2/11/2015,0.011803877,0.007242016,0.007321512,0.010228792,0.007083476,0.008631149,0.007919931,0.008329751,0.009169522,0.010157671
3/11/2015,0.002724353,-0.002466898,0.000550299,0.002985692,0.001006276,0.003016693,-0.000390016,0.00859648,0.00314441,0.003886973
4/11/2015,-0.003551667,-0.004324382,-0.004174954,-0.002924899,-0.006028019,-0.005989478,-0.004227004,-0.002121341,-0.003341221,-0.005608451
5/11/2015,-0.00113279,0.000814951,-0.001415844,-0.006134286,-0.003693641,-0.004442583,-0.005934575,-0.006794109,-0.004223383,-0.003097715
6/11/2015,-0.000347682,-0.005146024,-0.00642443,-0.00459894,-0.005221402,-0.005232225,-0.004248802,-0.00637898,-0.000458076,-0.000922513
9/11/2015,-0.009871291,-0.007572779,-0.010988267,-0.013011185,-0.011778339,-0.01304206,-0.012862841,-0.013030958,-0.008085954,-0.007247325
10/11/2015,0.001509455,0.004111191,0.001800288,0.004777097,0.002671029,0.003954408,0.00227318,0.004136743,0.003167254,0.002625268
11/11/2015,-0.003233307,-0.000797246,-0.003870453,-0.005022933,-0.003296958,-0.005262561,-0.00438549,-0.001063724,-0.003737913,-0.003921482
12/11/2015,-0.014089163,-0.012716435,-0.01527587,-0.013463875,-0.014411001,-0.016010121,-0.016412538,-0.015230368,-0.01647885,-0.014983005
13/11/2015,-0.011270641,-0.008163579,-0.010383746,-0.00383606,-0.007905102,-0.007155333,-0.006899401,-0.000782233,-0.006404357,-0.005463987
16/11/2015,0.014793303,0.012987375,0.015811393,0.016639242,0.015683381,0.015119744,0.016068377,0.015322075,0.012772455,0.014074388
17/11/2015,-0.001340277,-0.001892154,-0.003489108,-0.000294741,-0.001262007,-0.001665317,-0.001909505,-0.000651321,0.000122274,0.0000973
18/11/2015,0.01603323,0.014388748,0.015145399,0.01341312,0.016398739,0.017592782,0.01692526,0.014638058,0.015977642,0.016715277
19/11/2015,-0.00112374,0.001754438,-0.001414432,0.001321202,-0.000608485,-0.0000557,0.0000357,0.006611139,-0.002657748,-0.002061088
20/11/2015,0.003802955,0.003020223,0.000990435,0.00103633,0.00106942,0.002284267,0.002119563,0.002841922,0.001024578,0.002672635
23/11/2015,-0.001235624,0.000794891,0.000587874,0.003435815,0.002140127,0.004163757,0.002581209,0.002719853,0.00161336,0.002753862
24/11/2015,0.00122125,-0.001954949,0.001157955,0.003947371,0.002301289,0.002842166,0.000587247,-0.002024333,0.002971988,0.004367542
25/11/2015,-0.000129141,-0.001161258,-0.001889306,0.000682391,-0.001269288,-0.001736066,-0.002891393,-0.003906166,-0.001429893,0.000678013
27/11/2015,0.000593441,0.000386955,-0.000183976,-0.000315004,-0.000114243,0.001322684,-0.000668556,0.002540877,-0.000166031,0.002454155
30/11/2015,-0.0046518,-0.00499995,-0.003998457,-0.002519055,-0.002906976,-0.003370092,-0.003669992,-0.002903415,-0.002617629,-0.002467249
1/12/2015,0.010623939,0.0096643,0.011191626,0.012793519,0.01254119,0.013455273,0.010755292,0.010575859,0.010743246,0.011500044
2/12/2015,-0.011056593,-0.004222942,-0.004506403,-0.004405338,-0.007174049,-0.007670487,-0.009322541,-0.007230537,-0.009927386,-0.008936678
3/12/2015,-0.014477827,-0.009944216,-0.013259244,-0.008013608,-0.011537828,-0.012725853,-0.01219046,-0.006369445,-0.009742194,-0.010127925
4/12/2015,0.020317856,0.022748848,0.019340374,0.01818173,0.01682966,0.018944079,0.01601496,0.014824306,0.014941194,0.016980665
7/12/2015,-0.007014044,-0.00224508,-0.007682363,-0.005506543,-0.008931699,-0.009555126,-0.012596264,-0.01156701,-0.008521809,-0.010592851
8/12/2015,-0.006511052,-0.007261293,-0.007287846,-0.005997755,-0.006640893,-0.004837451,-0.003502444,-0.003876418,-0.004918053,-0.004584576
9/12/2015,-0.007769086,-0.007517013,-0.003584389,-0.004895833,-0.003904838,-0.004848897,-0.003158637,0.000748656,-0.00414338,-0.003468041
10/12/2015,0.002248856,0.002180998,0.001656274,-0.000609991,0.001995527,0.002135695,0.001629366,0.001793207,0.002065006,0.003834542
11/12/2015,-0.019613868,-0.014065057,-0.018493552,-0.017558506,-0.01807563,-0.016028935,-0.020244453,-0.020153159,-0.018574286,-0.018178061
14/12/2015,0.004744288,0.004792063,0.001707349,0.00124079,0.002250863,0.004443019,0.001307869,0.002707636,-0.001159332,-0.000407502
15/12/2015,0.01056258,0.017213786,0.014903544,0.017989065,0.016436052,0.015197822,0.01501759,0.017126603,0.016593661,0.015010915
16/12/2015,0.014410636,0.013770201,0.015533737,0.016132941,0.014389721,0.015481716,0.014595063,0.012683033,0.012811621,0.014297541
17/12/2015,-0.015154776,-0.016824745,-0.018990962,-0.014684347,-0.019445753,-0.016588576,-0.01824173,-0.014415326,-0.017096726,-0.015930401
18/12/2015,-0.017957495,-0.019317182,-0.016695363,-0.01580641,-0.019475227,-0.017293984,-0.022800216,-0.023668453,-0.018556103,-0.016417544
21/12/2015,0.007748306,0.005634128,0.005662677,0.010945436,0.00574362,0.006533869,0.005428804,0.000811838,0.0034335,0.007141688
22/12/2015,0.008778096,0.008284398,0.008994185,0.009656603,0.008623774,0.010515652,0.010488401,0.010825085,0.009066817,0.010385181
23/12/2015,0.012341596,0.007662928,0.013920624,0.013332156,0.015824907,0.015280054,0.014435693,0.016948899,0.012415416,0.015552726
24/12/2015,-0.001599915,-0.000901003,-0.000648927,0.00016638,-0.000548088,0.000239707,-0.00075313,-0.000699355,-0.00184267,0.000502273
28/12/2015,-0.002180936,0.000965909,-0.003878367,-0.000681718,-0.003074619,-0.004566473,-0.002194948,-0.003838147,-0.00258427,-0.002573173
29/12/2015,0.010573664,0.010448388,0.012473694,0.008670423,0.010558352,0.010876026,0.010507343,0.010096085,0.009126464,0.01053859
30/12/2015,-0.007243399,-0.005331135,-0.007907554,-0.006434399,-0.006075018,-0.00496651,-0.006691414,-0.006023842,-0.007239946,-0.00626467
31/12/2015,-0.009456485,-0.011474862,-0.010363545,-0.006149298,-0.007759536,-0.009335438,-0.008146781,-0.010878946,-0.009766003,-0.00854337
