Date,^GSPC,0,5,10,15,20,25,30,35,40
2014-01-03,-0.0003330203,0.0026680734,-0.0002285521,-0.0016814154,-0.0012157466,-0.0028339252,-0.0016715601,0.0002636146,0.0013802238,0.0006642947
2014-01-06,-0.0025149269,-0.0019913819,-0.0039357394,-0.0053402754,-0.0055877548,-0.0063337274,-0.0047670566,-0.0025186483,-0.0033491012,-0.0033711446
2014-01-07,0.0060633452,0.0044383761,-0.00017705,0.0037327595,0.0049756821,0.0040086154,0.0037020519,0.0053170677,0.0062432047,0.0058509321
2014-01-08,-0.0002122317,-0.0025918707,-0.0034861248,6.67832791805E-05,-0.0008679256,0.0011758599,0.0001977123,0.0012950189,0.0021497477,-0.0003908128
2014-01-09,0.0003482487,0.0043398459,0.0017112195,0.0015795939,0.0024665799,0.0019639432,0.0016588308,0.0031300727,0.0034532957,0.0030413074
2014-01-10,0.0023040304,-0.0009337198,-0.0020255987,0.0020006476,0.0028107092,0.0031380448,0.0023730658,0.0045019668,0.0052892733,0.0032639457
2014-01-13,-0.0126559665,-0.0107435379,-0.0118044335,-0.0119073289,-0.0127352122,-0.0143849663,-0.0139384568,-0.0131170209,-0.0104527585,-0.011594641
2014-01-14,0.0107598763,0.0106508303,0.0098406728,0.0125589352,0.0090667186,0.0094681364,0.0093576647,0.0113999974,0.0110064466,0.0125062913
2014-01-15,0.0051528891,0.0029088743,0.0001139548,0.0004685493,0.0008822121,-4.4509768486E-05,0.0004553162,0.0021818802,0.0009154771,0.0015293052
2014-01-16,-0.0013480284,0.0001815762,4.39323484898E-05,0.0007001916,-0.0056926962,-0.0046592727,-0.0022025034,-0.004018303,-0.0049699359,-0.0023572138
2014-01-17,-0.0039027806,-0.0008775406,-0.0032574255,-0.0029171733,-0.0045476314,-0.0053098537,-0.0048238207,-0.002569899,-0.0016008504,-0.0021576043
2014-01-21,0.0027699124,-4.817917943E-05,-0.0017838627,0.0012877369,0.0015669726,0.0019769389,0.0004196055,0.0025938284,0.0039966088,0.0034629777
2014-01-22,0.0005746998,0.0003855191,-0.0007453803,-0.0008015791,0.0004518181,-0.0005193669,-0.0006781891,0.0008032396,0.001134593,-0.0002065422
2014-01-23,-0.0089293245,-0.0114900414,-0.00936459,-0.0080036921,-0.0086829774,-0.009362448,-0.0093174186,-0.0062770862,-0.0075115953,-0.0081302254
2014-01-24,-0.0210964215,-0.016757844,-0.0187478457,-0.0198064335,-0.0195594374,-0.0191647224,-0.0192221925,-0.0168594904,-0.0164853372,-0.0175754763
2014-01-27,-0.0048882216,0.0009417087,-0.0027801283,-0.0015135305,-0.0027814209,-0.0046311375,-0.0041706525,-0.0032577347,-0.0038674623,-0.0027494114
2014-01-28,0.0061218754,0.0086543672,0.0093853539,0.0088812876,0.0078642219,0.0075188819,0.0085033737,0.0105861593,0.009999672,0.0089921858
2014-01-29,-0.010261704,-0.0100978259,-0.0116062406,-0.0112937344,-0.0113557745,-0.0117320456,-0.0121253096,-0.0112111717,-0.0095527451,-0.0108075971
2014-01-30,0.0112040442,0.0116254985,0.009656704,0.0125517771,0.0115751708,0.0114336442,0.013085857,0.0139925834,0.0161755439,0.0186985601
2014-01-31,-0.0064862899,-0.0072150696,-0.0049234945,-0.0055126594,-0.0054138936,-0.0052489396,-0.0055666734,-0.0036335737,-0.0030340124,-0.0037867436
2014-02-03,-0.0230966046,-0.0203334149,-0.0240085181,-0.0224293992,-0.021582773,-0.0221908875,-0.0227259248,-0.0233441293,-0.022078488,-0.0220754556
2014-02-04,0.0076120434,0.0067552477,0.0052599376,0.008028538,0.0055117616,0.0060742926,0.0055249557,0.0070962887,0.0083176512,0.0065387995
2014-02-05,-0.0020302821,0.0037386268,-0.0014788508,-0.0015382366,-0.0005122684,-0.0015531853,0.0004925281,0.0016277023,0.0002892241,0.000783192
2014-02-06,0.0123630544,0.0036996212,0.0022109468,0.0054874332,0.0055384478,0.0068298858,0.0058055297,0.0094865542,0.0065263566,0.0084230788
2014-02-07,0.0132141936,0.0199688245,0.0205909628,0.01321851,0.01844896,0.0165362358,0.0185839795,0.0188379157,0.0166561995,0.0159742553
2014-02-10,0.0015680046,0.0039818883,0.0015931576,0.0045643207,0.0033431314,0.0037886035,0.002571363,0.0028305072,0.003060801,0.0024412796
2014-02-11,0.0110013758,0.0135879172,0.0129235601,0.01321851,0.0126479715,0.0119555751,0.0094173625,0.0104231406,0.0111007001,0.0115238521
2014-02-12,-0.0002692985,-0.0012733266,-0.0040995348,-0.0038686031,-0.0026739445,-0.0037976243,-0.0005601123,0.0001815334,0.0007151496,-0.0001291651
2014-02-13,0.0057932118,0.003378218,0.0040834788,0.0049254121,0.0047447151,0.0061096624,0.0040195026,0.005247565,0.0044918545,0.0046109734
2014-02-14,0.0047976895,0.0054472946,0.0049783261,0.0042211004,0.0026839804,0.0042125396,0.0035773851,0.0042965245,0.0052216705,0.004364741
2014-02-18,0.0011578035,-0.0046321433,-0.0015445389,0.0004784698,0.0016260054,0.0009075589,0.0020330101,0.0024769437,0.0028942823,0.0016896967
2014-02-19,-0.0065458619,-0.0057600047,-0.0069962777,-0.0056914547,-0.0064908359,-0.0074347481,-0.0084118582,-0.007192608,-0.0088333692,-0.006618374
2014-02-20,0.0060133417,0.0059432928,0.0065903226,0.0064061638,0.0064446805,0.0053636692,0.0061920546,0.008166397,0.0088696685,0.0085724629
2014-02-21,-0.0019205665,0.0014056601,-0.001084378,-0.0009664837,-0.0015521944,-0.0020012856,-0.0005468503,0.0006923582,0.0015181024,0.0005802028
2014-02-24,0.0061674554,0.0041855611,0.0058414266,0.0046594087,0.0035872031,0.0017594378,0.0032859892,0.0054993872,0.0062999818,0.0048307907
2014-02-25,-0.0013485906,-0.0005181283,-0.0023722146,-0.0021152329,-0.000823725,-0.0016838629,-0.0018623173,0.0004310943,-0.0019550603,0.0003743758
2014-02-26,2.16997082534E-05,-0.0020106081,-0.003802184,-0.0055088149,-0.0027611591,-0.002552921,-0.0022454672,-0.0008389298,0.0007382706,-0.0005772691
2014-02-27,0.0049358815,0.0049795415,0.0041934531,0.0051131099,0.0033838674,0.0020652711,0.0029271804,0.0038074795,0.005167162,0.0043304022
2014-02-28,0.0027788242,0.0117497016,0.0060038092,0.0052802637,0.0067171678,0.0058617219,0.0064514279,0.0065131914,0.0074132141,0.0050004972
2014-03-03,-0.0074058664,-0.0073534045,-0.0074672047,-0.0053333556,-0.0059023071,-0.0064248629,-0.0075118244,-0.0064485464,-0.0057737287,-0.006237234
2014-03-04,0.0151523228,0.0155488634,0.0151986815,0.01321851,0.0150761232,0.0135454675,0.0142793655,0.0158496704,0.0143615361,0.0137099056
2014-03-05,-5.33524369706E-05,0.0024368726,-0.0008566193,-0.0001659691,-0.0001665018,-0.0022460464,-0.0026268344,-0.0020108987,-0.0029961579,-0.0026294943
2014-03-06,0.0017169331,0.00539672,0.0019420031,-0.0002458189,-0.0001002196,-0.0007879958,0.0003664829,0.0005201902,-0.0013012886,-0.0009141658
2014-03-07,0.0005379447,0.0025456548,-0.0009730477,-0.0026393766,-0.0010882877,-0.0033313036,-0.0021899976,-0.0001917928,0.0008220617,-0.0007724278
2014-03-10,-0.0004633536,0.0025295224,-0.0021417346,-0.0017294763,-0.0012875535,-0.0008235034,-0.0008153506,0.0011192188,0.0019359738,0.0017226702
2014-03-11,-0.0050950969,0.0016538706,-0.0025754571,-0.0027399091,-0.0036706943,-0.0047868844,-0.0036117099,-0.0025851987,-0.0033019874,-0.0034891954
2014-03-12,0.0003051242,-0.0046428479,-0.0052406341,-0.0030232957,-0.0026206728,-0.0017107874,-0.0032124817,-0.0013354104,-0.0004479531,-0.000258971
2014-03-13,-0.0117700915,-0.0007886197,-0.0048218723,-0.0051953914,-0.0055956282,-0.0066917092,-0.0071694981,-0.0082424767,-0.0081561785,-0.0068687042
2014-03-14,-0.0028257665,0.0006312914,-0.0038405228,0.0006169919,0.000038486,0.0009376928,-0.0001519322,0.0013175458,0.0003378652,0.000210355
2014-03-17,0.0095677176,0.0124230431,0.0103091747,0.0094938371,0.0097936746,0.0096106566,0.0107041597,0.0107173715,0.0116403904,0.0100068133
2014-03-18,0.0071936823,0.0041430481,0.0021215826,0.0043268902,0.0042414917,0.0034275986,0.0049306266,0.0062445421,0.0067167822,0.0071306909
2014-03-19,-0.0061505248,-0.0065701548,-0.0090254899,0.01321851,-0.0049046483,-0.0058212411,-0.0056869593,-0.0044397134,-0.0043653287,-0.0057851756
2014-03-20,0.006022334,0.0033580028,0.0013451539,0.0015347395,0.0008039158,-0.0008787531,0.0010074601,0.0028034765,0.003390003,0.0037017902
2014-03-21,-0.00293698,0.0035149679,-0.0001287144,-0.0004738225,0.0010674987,-0.0001371745,-0.0017069168,-0.0008284375,-0.0073178541,-0.0019770702
2014-03-24,-0.0048765814,-0.0049074329,-0.0106340423,-0.0064215166,-0.0073458906,-0.0069112256,-0.0091240443,-0.0073894802,-0.0066385213,-0.008347976
2014-03-25,0.004394271,0.0039229207,0.0005494375,0.0007656813,0.0013282783,0.0009768959,0.0009788573,0.0025876444,0.0035699513,0.0028752061
2014-03-26,-0.0070249367,-0.0015165024,-0.0048686173,-0.0073915133,-0.0080918092,-0.0097518452,-0.007690955,-0.0064799469,-0.006681852,-0.006065364
2014-03-27,-0.0019018916,-0.0006422792,-0.0031696316,-0.0007919585,-0.0010549687,-0.0010140631,-0.0017696284,-0.000524953,-0.0014646277,-0.0002902569
2014-03-28,0.0046294892,0.0036457703,0.0007575788,-0.0009911126,-0.0005228668,-0.0007443093,0.0007390119,0.0022016894,0.0021632724,0.0027732253
2014-03-31,0.0078928715,0.0130555788,0.0096421409,0.01321851,0.0126100592,0.0140094757,0.01189119,0.0143594611,0.0122011956,0.0110225733
2014-04-01,0.0070146882,0.0011910088,0.0020281095,0.0024846504,0.0027901661,0.0029052384,0.0032042265,0.0046155807,0.0028073378,0.003893421
2014-04-02,0.0028492634,0.0021979325,0.0018334147,0.0016167378,0.0009681098,-0.0004044976,-9.24542546272E-05,2.03810632229E-05,0.0023565963,0.0019470099
2014-04-03,-0.0011270847,0.0021624863,-0.0020944104,-0.0044066263,-0.0036252551,-0.00454849,-0.003888309,-0.0031968262,-0.0032454878,-0.0035280185
2014-04-04,-0.0126165431,-0.0054621659,-0.0111610275,-0.0103176655,-0.0098298993,-0.0113147646,-0.0139897652,-0.0112585407,-0.0115799634,-0.0122184539
2014-04-07,-0.0108083125,-0.0030858386,-0.00587097,-0.0049655987,-0.0055738576,-0.0065378137,-0.0084980447,-0.0077266544,-0.0051833857,-0.007354633
2014-04-08,0.003743538,0.0024603624,0.0028773528,0.0064447429,0.0056325216,0.0054351538,0.0039839111,0.0055383388,0.0074823815,0.0056370092
2014-04-09,0.0108590395,0.0092845429,0.0089071803,0.01321851,0.0108046476,0.0116411718,0.0091371201,0.010967331,0.0100821983,0.0138652725
2014-04-10,-0.0211059679,-0.0096355844,-0.0161917824,-0.0170815401,-0.0177378785,-0.0174849927,-0.019578021,-0.0165053159,-0.0193325952,-0.0176231451
2014-04-11,-0.0095320599,-0.0035957918,-0.0079484973,-0.0086668646,-0.0090137869,-0.0099452026,-0.0108135864,-0.0097684488,-0.0090875309,-0.0082829101
2014-04-14,0.0081837082,0.0067738313,0.0062600262,0.0063104774,0.0057823015,0.0055951569,0.0047079027,0.0046388041,0.0068950523,0.0065394989
2014-04-15,0.0067345795,0.0057951342,0.0015957654,0.0020976551,0.0036188699,0.0031986851,0.0033457577,0.0048974436,0.0064762663,0.0062671769
2014-04-16,0.0104338684,0.0122508863,0.0096761752,0.0107853161,0.0100140199,0.0092938915,0.0098014027,0.0126509946,0.0122550372,0.0114789121
2014-04-17,0.0013629237,0.0021811593,0.0017593708,0.0024091043,0.0016115382,0.0002543945,0.0007394999,0.0021825843,0.0027906522,0.0015437212
2014-04-21,0.0037680156,0.0011099707,-0.000470398,0.0040140701,0.0019207019,0.002651751,0.002991464,0.0035084952,0.0051036496,0.0025237873
2014-04-22,0.0040837889,0.000849206,0.0044940989,0.0059589455,0.0054283328,0.0061354954,0.0049289353,0.007220706,0.0068194326,0.0070365123
2014-04-23,-0.0022157668,0.0028286744,-0.0031377058,-0.001887735,-0.0019387081,-0.0025601536,-0.0008115768,-0.0003950503,0.0024966858,0.0010238513
2014-04-24,0.0017154879,0.0057606287,0.0013017431,0.0039235326,0.0030207597,0.0019984152,0.0007147044,0.0009848867,0.0036141891,0.000982279
2014-04-25,-0.0081293448,-0.0003795642,-0.0081210695,-0.0074593006,-0.0085335076,-0.0079093575,-0.0088196956,-0.0080224853,-0.0083205067,-0.0078887073
2014-04-28,0.0032308115,0.0102262748,0.0038345754,0.0037939064,0.0057101529,0.004404461,0.0033990368,0.0046462845,0.0052173231,0.0041767517
2014-04-29,0.0047494603,0.0050566159,0.0059569189,0.0066049933,0.0070351949,0.0067157205,0.0067439303,0.0077507962,0.0065515693,0.006753664
2014-04-30,0.0029875497,0.0033564493,-3.81339341402E-05,0.0032061469,0.0038167192,0.0033245999,0.0015929826,0.003293084,0.0020954702,0.0025261855
2014-05-01,-0.0001432715,-0.0015244968,-0.0017977767,-0.0016757231,-0.0001073033,-0.000386415,2.75708734989E-05,0.0012558158,0.0014125854,0.000851932
2014-05-02,-0.001349355,-0.0041958839,-0.0025130399,-0.0021240516,-0.0039709508,-0.005017275,-0.0046620797,-0.0024356507,-0.0007225741,-0.0032364512
2014-05-05,0.0018694673,0.0029397905,-0.0002064854,0.001566397,0.0026833806,0.0025433004,0.0018564761,0.0025221538,0.003931636,0.0028829388
2014-05-06,-0.0090290312,-0.0074652005,-0.0125068557,-0.0097792679,-0.0098397154,-0.00960299,-0.0098475963,-0.007342333,-0.0078963302,-0.0083537912
2014-05-07,0.0056007547,0.0138951754,0.0096501317,0.0056488509,0.0082032755,0.0062160902,0.0062455349,0.0071734991,0.0053980891,0.0063216235
2014-05-08,-0.0013745692,-0.0013066884,-0.0052057151,-0.0044371272,-0.0050296243,-0.004846856,-0.0043601561,-0.0033471994,-0.0025992598,-0.0038681058
2014-05-09,0.0015183229,0.0065105595,0.0062058596,0.0045184474,0.0042716293,0.0025906004,0.0027066432,0.0037529338,0.0040032435,0.0040486194
2014-05-12,0.0096262562,0.003345659,0.0055809719,0.0059722476,0.0062426124,0.0061344206,0.0071237572,0.0089312289,0.0102899801,0.0103892265
2014-05-13,0.0004216689,0.0014190935,-0.0004739296,9.99681651592E-06,-0.0009590089,-0.0023634415,-0.0019167401,-0.0002115034,0.0006121062,-0.0001863604
2014-05-14,-0.0047120896,-0.0035556667,-0.0060101431,-0.0053150235,-0.0040238667,-0.0039883051,-0.0045966581,-0.0037707593,-0.0034784656,-0.0041998765
2014-05-15,-0.0094059038,-0.0028647967,-0.0062729008,-0.0074629085,-0.0079654045,-0.0091236606,-0.0083043128,-0.0082538035,-0.0075281318,-0.0087209558
2014-05-16,0.0037399624,0.0048186779,0.0029334594,0.0025367569,0.0029427474,0.0027845018,0.0037052296,0.0052303169,0.0037805159,0.0040746508
2014-05-19,0.0038374143,0.0036787502,0.0035490058,0.0049805958,0.0060134381,0.0045494903,0.0016963743,0.0036969464,0.0022640619,0.0033813361
2014-05-20,-0.0065196046,-0.0027273744,-0.0039276313,-0.0055943774,-0.0052615777,-0.0060467198,-0.0064390022,-0.0052274428,-0.0043218415,-0.0064793201
2014-05-21,0.0080833404,0.0066900272,0.0078131687,0.0074559483,0.0081002191,0.0071745627,0.0069281049,0.008686034,0.0092213918,0.0077622407
2014-05-22,0.0023594442,-0.0009634718,-0.0008804779,0.0016423855,0.002965603,0.0033512283,0.0018031895,0.0038353559,0.0030639954,0.0040079905
2014-05-23,0.0042393929,0.0025612228,0.0018227622,0.0018042317,0.0023603924,0.0018529259,0.0029090121,0.0044579227,0.0042729061,0.0042518442
2014-05-27,0.0059699503,0.0056949835,0.003430197,0.0056721764,0.0053337235,0.004969392,0.0038802102,0.0052539166,0.0046132244,0.0072206724
2014-05-28,-0.0011146928,0.0016389377,-0.0007193647,0.0002559703,-0.0002589393,-0.0008385107,0.0001540445,0.0015300009,0.0011485871,0.00017526
2014-05-29,0.0053527587,0.0054958444,0.0061546862,0.006369058,0.006712459,0.0054450091,0.0032626353,0.004772855,0.0058438126,0.0045934049
2014-05-30,0.0018419804,0.0072926711,0.0032133497,0.0023376886,0.002298221,0.0019039717,0.001452975,0.0022752192,0.003633406,0.0027141776
2014-06-02,0.0007275617,0.0013837852,0.0003849659,0.0007315977,0.0004770663,-0.0007695537,-0.002158314,-0.000624815,-0.0006638858,-0.0005944995
2014-06-03,-0.0003792887,-0.0017397292,-0.0051956065,-0.0037251813,-0.0025518537,-0.0035543945,-0.0021478087,-0.0008754861,-1.25635415316E-05,-6.45155087113E-05
2014-06-04,0.0018898768,0.0060595684,0.00496112,0.0059684254,0.0050359322,0.0046420638,0.0040091872,0.0041813571,0.0055876989,0.0050259996
2014-06-05,0.0065040821,0.0032400265,0.0022196993,0.0019666813,0.0026072636,0.0018748175,0.0032717697,0.005840661,0.0043372102,0.0046179909
2014-06-06,0.0046170833,0.004376594,0.0024898965,0.0020087976,0.0033405637,0.0021416023,0.002635017,0.0042258445,0.0042322762,0.0041016135
2014-06-09,0.0009383313,0.0041931085,0.0004110262,0.0008870978,0.0017259717,0.0007930864,0.0012614019,0.0035876613,0.0018312093,0.0014457693
2014-06-10,-0.0002460142,0.0020399578,-0.0003158078,-0.0001538899,0.0005460232,-0.000046296,0.0005892068,0.0022725221,0.0007025748,0.0017461628
2014-06-11,-0.0035433109,-0.0016520396,-0.0009000152,0.0007831668,-0.0004862566,-0.0010845121,-0.0018056631,-0.0013745464,-0.0004918575,-0.0004562763
2014-06-12,-0.0071141395,-0.0059568826,-0.0080096014,-0.0058659008,-0.0060503799,-0.0065240301,-0.0062006954,-0.0061617251,-0.0072153155,-0.0059122844
2014-06-13,0.0031296593,0.0025618132,0.001802016,0.0022989903,0.003002597,0.0024210811,0.0015005283,0.0026260745,0.0026594177,0.0023750765
2014-06-16,0.0008363553,0.0008182544,-0.0008025598,-0.001482903,0.00269752,0.0026898775,0.0023054555,0.0031839516,0.0030882973,0.0028759902
2014-06-17,0.0021702125,0.005913198,0.004277369,0.0039138524,0.0040166574,0.0027995314,0.0033037439,0.0029776562,0.0031548608,0.0023765294
2014-06-18,0.007689243,0.0096864067,0.009649585,0.0068570501,0.0080401367,0.0067058057,0.0078162588,0.0092855673,0.0073505547,0.0079944283
2014-06-19,0.0012766633,0.0047714729,0.0019766502,0.0022490509,0.0011503678,-3.21846455336E-05,0.0005838051,0.0021844096,0.0021815337,0.0012144642
2014-06-20,0.0017285637,0.0016385522,-0.0003837198,0.0002856059,-0.0003466029,-0.0005815532,0.000981722,0.0014465824,0.0037290789,0.0020289663
2014-06-23,-0.000132473,-0.0024809148,-0.003004631,-0.001676484,-0.0006715264,-0.0016529057,-0.0022654496,-0.0023762137,-0.0011881627,-0.0025396831
2014-06-24,-0.0064561066,-0.0023026075,-0.0053948555,0.01321851,0.01844896,-0.0073496103,-0.0007502846,0.0006278343,-0.0040824041,-0.0031765299
2014-06-25,0.0048855575,0.0024081822,0.0031344239,0.001153254,0.0037940508,0.0032015052,0.0047827102,0.0064419266,0.0055747274,0.0046323659
2014-06-26,-0.0011795791,-0.0022196509,-0.0036668628,-0.0008607404,-0.0013233423,-0.0023529232,-0.0041413195,-0.0031077042,-0.0008629486,-0.0023345668
2014-06-27,0.0019090451,0.0053327624,0.0039112456,0.0038678972,0.0042619118,0.0033423547,0.0028745048,0.0041185971,0.0021646693,0.0030742325
2014-06-30,-0.0003723263,0.00090326,-0.0003454629,0.0029121339,0.001996303,0.0010675807,-0.0001895353,0.0012129806,0.0016672015,0.001085843
2014-07-01,0.006655573,0.0063545108,0.0037353206,0.006536663,0.0053788684,0.0056168865,0.0058583394,0.0075875577,0.0078680273,0.0089357058
2014-07-02,0.0006585962,-0.0013652015,-0.0044867508,-0.0030144071,-0.0024837032,-0.002954565,-0.0022169128,-0.0026400965,-0.0026691947,-0.0026893523
2014-07-03,0.0054645501,0.0059910957,0.0031171497,0.002630637,0.0038253339,0.0026444755,0.003072191,0.004338963,0.0032931082,0.0039103162
2014-07-07,-0.0039312391,-0.0009736195,-0.0052256435,-0.0056194337,-0.0052325707,-0.0055930745,-0.0058904719,-0.0057625193,-0.0049937852,-0.0051028794
2014-07-08,-0.0070737619,-2.33314931393E-05,-0.0046677515,-0.0050401753,-0.0051059369,-0.0053949021,-0.0050273426,-0.0033266228,-0.0034870338,-0.0028330982
2014-07-09,0.0046335165,0.0016546082,0.0007620156,0.0022452092,0.0021460392,0.0019284245,0.0007572286,0.0027586687,0.0038055368,0.0046866275
2014-07-10,-0.0041396281,0.000862591,-0.00292488,-0.0023144567,-0.0027510114,-0.0037241559,-0.0034325793,-0.0010016449,-0.0019052271,-0.0023676204
2014-07-11,0.0014698417,0.0041574817,0.0007722341,0.0006162431,0.0001922585,-0.0006521884,-0.0001675971,-0.0001127813,0.0014968123,0.0010301024
2014-07-14,0.0048318611,0.0056223944,0.0036803875,0.0034099082,0.0032451423,0.0008632001,0.003012266,0.0046085995,0.0061372351,0.004476063
2014-07-15,-0.0019339649,-0.0012948588,-0.0040620621,-0.0017673634,-0.0034207627,-0.0043155979,-0.0055178739,-0.0037488285,-0.0043864809,-0.0036812508
2014-07-16,0.004192285,0.0017652195,0.0007111654,0.0018342873,0.00274699,0.0018657204,0.0029150806,0.0041735861,0.0020688046,0.0027736574
2014-07-17,-0.0119046058,-0.0079472531,-0.0107875038,-0.0122676147,-0.0107904226,-0.0116089992,-0.0123138968,-0.0098092221,-0.0090862811,-0.0099373115
2014-07-18,0.0102126091,0.0071750488,0.0051492192,0.0065071923,0.0072134342,0.0068275593,0.0071805157,0.0092523787,0.0112846252,0.0121732382
2014-07-21,-0.0023229465,-0.0004815757,-0.0011837557,-0.0007311841,-0.0011381097,-0.0019913819,-0.0012749583,-0.0001209807,0.0008465052,0.001210534
2014-07-22,0.005003611,1.91871076822E-05,-0.0034153685,-0.0007799659,0.0004792307,0.0008758456,0.000650119,0.0013852436,0.001836773,0.0020670043
2014-07-23,0.001752901,0.007493848,0.0033247303,0.003155062,0.0043161195,0.0050191153,0.006094981,0.0060245525,0.0059563126,0.0039286315
2014-07-24,0.0004880365,0.0060491022,0.001522338,0.001143978,0.0006973464,-6.56116753817E-05,0.0015045479,0.0010018609,0.0014421046,0.0018887678
2014-07-25,-0.0048609457,-0.0104807187,-0.0109500233,-0.0077563496,-0.0090338159,-0.0095085949,-0.0090176389,-0.0062167346,-0.0067533497,-0.007405947
2014-07-28,0.0002881132,-0.0028336663,-0.0026426017,-0.0024595978,-0.003370624,-0.0031595435,-0.0030730776,-0.0032964926,-0.0029961579,-0.0028978921
2014-07-29,-0.0045380684,0.0079786386,0.0044712685,0.0037093386,0.0016239211,0.0004895516,0.0004253238,0.0002536532,0.000900628,0.0011243606
2014-07-30,6.0910859931E-05,-0.0029356666,-0.0023561902,-0.0039017713,-0.0060294867,-0.0059390068,-0.0029783901,-0.0024120137,-0.0031271651,-0.0023217089
2014-07-31,-0.020201932,-0.0161822755,-0.0188741554,-0.0199170858,-0.0198831055,-0.0213538371,-0.0220020637,-0.0190645233,-0.0188056976,-0.019328393
2014-08-01,-0.0028632165,0.0021608453,0.0009556934,0.0016995966,-0.0011981111,-0.0008743536,-0.0012990795,0.0009972621,0.003982963,0.0015814118
2014-08-04,0.0071633145,0.0038153529,0.0014663953,0.0029069157,0.0033314601,0.0006486662,0.0021309927,0.0028123464,0.0018511117,0.0028415285
2014-08-05,-0.009732679,-0.0004194938,-0.0036665462,-0.0027527483,-0.0038680192,-0.0040149745,-0.0052462909,-0.0046584047,-0.0032098219,-0.0051504271
2014-08-06,1.56382717567E-05,0.0101691484,0.0061352197,0.0051738499,0.0051107677,0.0034521352,0.0053838976,0.0059324745,0.004664436,0.0048308093
2014-08-07,-0.0055721155,-0.0037375502,-0.0036746189,-0.0044737337,-0.0040374789,-0.0054959338,-0.0052290242,-0.0040598419,-0.0039545503,-0.0056221383
2014-08-08,0.0114654228,0.0103454106,0.0086589595,0.0090805124,0.0102424677,0.0097034806,0.0085394457,0.0106408019,0.0109089669,0.0086293984
2014-08-11,0.002755625,0.0059085954,0.0029007681,0.0051044701,0.0034830356,0.0021701623,0.0027875155,0.0040711109,0.0041289572,0.0048057809
2014-08-12,-0.0016379824,0.0019694846,-0.0016847607,-0.0007220227,-0.001364246,-0.0011102147,-0.0014506802,-0.0015786868,0.000235213,-0.0015292652
2014-08-13,0.0066847673,0.007662341,0.0045014061,0.0067474064,0.0070659295,0.0068146996,0.0068023428,0.0079742055,0.0079759303,0.0074490355
2014-08-14,0.0043363983,0.003476128,0.0008315798,0.0024927668,0.0023134109,0.0017041247,0.0021857806,0.0042407978,0.0056735072,0.0036595399
2014-08-15,-6.13747476219E-05,0.0005342346,-0.0007683672,0.0004802812,0.0011293255,0.0005813409,-0.0008682944,0.0004775226,0.0048946496,0.0034777652
2014-08-18,0.0084954829,0.0068247337,0.0046308413,0.0058672358,0.0057058167,0.0055146776,0.0057070963,0.0079251286,0.0054932218,0.0063819392
2014-08-19,0.0049881905,0.0026780628,0.0019339789,0.0022105742,0.0022821371,0.0023671091,0.0028992556,0.0037241746,0.0055328775,0.0034235716
2014-08-20,0.0024747482,0.0042497646,0.0022124145,0.0040603401,0.0036747642,0.0035317838,0.0027730092,0.0043853614,0.0036710594,0.0040173074
2014-08-21,0.0029455471,0.0034767166,0.0005469043,-0.000238372,-3.49078327417E-05,-0.0010275077,0.0002416819,0.0010597575,-0.0003578737,-0.000162405
2014-08-22,-0.0019945751,-0.002914276,-0.0044993293,-0.0032231184,-0.001508031,-0.0016667638,-0.0026010238,-0.0009893961,-0.0003619231,-0.0014586486
2014-08-25,0.0047763541,0.0065701269,0.0042082332,0.0048036892,0.006566504,0.0046155099,0.0045522824,0.0064320285,0.0044864845,0.0048290761
2014-08-26,0.0010505291,0.0011699181,-0.0015982185,-0.0001499075,-0.0009070635,-0.001867814,-0.002103325,-0.0006555337,0.0012827609,-0.000354982
2014-08-27,4.9985750322E-05,0.0027203709,-0.0010118131,0.0001940504,0.0009809118,0.0017095674,0.0009468161,0.0016260426,0.0010111108,0.0002175542
2014-08-28,-0.0016913306,0.0021018032,0.0003045909,-0.0002393322,-0.0002289861,-0.0015509669,-0.0015674084,-0.0011544432,0.0004036445,-0.0005704938
2014-08-29,0.0033149144,0.003736468,0.0013967361,0.0023484053,0.0026066191,0.0019125883,0.0021704175,0.0032855589,0.0037004836,0.0033407956
2014-09-02,-0.0005442143,0.0037115365,-0.0025754794,-0.0024815174,-0.002921002,-0.0039411429,-0.0022694692,-0.0002678763,0.0009032395,-0.0002668351
2014-09-03,-0.0007794445,0.0010410994,-0.0015778057,0.0010542981,4.58396971226E-05,-0.0008749031,-0.0013767891,-0.0008987375,-0.0003613941,-0.0011546686
2014-09-04,-0.0015355996,-0.0010908041,-0.0025951527,-0.0015514428,-0.0024491195,-0.0020986106,-0.0039360151,-0.0021442026,-0.0025680587,-0.0024716984
2014-09-05,0.0050232479,0.002816068,0.0008448996,0.0040316684,0.0039247395,0.0032483395,0.0022835359,0.0036730673,0.0048059989,0.0041778274
2014-09-08,-0.0030778459,0.0002795551,-0.0026679747,-0.0013459967,-0.0029846746,-0.0034769792,-0.0025714282,-0.0020639803,-0.0013656449,-0.0023391228
2014-09-09,-0.0065665217,-0.0039237868,-0.0060112495,-0.0066396566,-0.0080648921,-0.0096819401,-0.0079658795,-0.0073263384,-0.0078593139,-0.0078685572
2014-09-10,0.0036394436,0.0052107982,0.0030321702,0.0038295463,0.0039548147,0.0035096239,0.0017516874,0.0037056897,0.0041856356,0.0043110242
2014-09-11,0.0008815169,0.0002263244,-0.0009071082,-0.0002746079,0.0002515428,-0.0001396704,-0.0007248074,0.000472663,0.0006457474,0.0015300699
2014-09-12,-0.0059804054,-0.0042422973,-0.0072018281,-0.0073359171,-0.0063628722,-0.0069898851,-0.0071855001,-0.0062506199,-0.0061008129,-0.0067872563
2014-09-15,-0.0007104037,0.0060858112,0.0004065502,-0.0012838477,-0.0009200815,-0.0024415236,-0.0016180798,-0.0009436179,-0.0006019305,-0.0015124436
2014-09-16,0.007456507,0.0062759351,0.0046063364,0.007575931,0.008009376,0.008197492,0.0073023103,0.0089201611,0.0085680541,0.0093285795
2014-09-17,0.0012948052,0.0020532236,-0.0012006164,0.0014125332,0.0005071647,0.000264179,0.0015491433,0.0027956907,0.0021607038,0.0008508712
2014-09-18,0.0048792571,0.0066376217,0.0040201321,0.0048110439,0.0050523626,0.0042929463,0.0026391,0.0038029049,0.0035276599,0.0044130245
2014-09-19,-0.0004773835,-0.0017016884,-0.0046498906,-0.0010906113,-0.000628069,-0.0011842474,-0.0024172626,-0.0014374871,-0.0007267222,-0.001840597
2014-09-22,-0.0080456024,-0.001823077,-0.0066423118,-0.0065226005,-0.0076645706,-0.0083673373,-0.0086587425,-0.0069863275,-0.0053315256,-0.0074254861
2014-09-23,-0.0057932498,-0.005366547,-0.0061461627,-0.0042497767,-0.0042905994,-0.0041173045,-0.0051107816,-0.0043582227,-0.0062149838,-0.0042019887
2014-09-24,0.0078019766,0.0103629017,0.0078830281,0.0117268423,0.0119063584,0.0118014961,0.0080534592,0.0089804288,0.0110534262,0.0104136495
2014-09-25,-0.0163009135,-0.0106860939,-0.0138388034,-0.0116484528,-0.0131472442,-0.0139121935,-0.0124563593,-0.0116827134,-0.0126230055,-0.0117182257
2014-09-26,0.0085392615,0.0089577567,0.0070322063,0.0101551982,0.0095465137,0.008854039,0.0075831637,0.0084740315,0.0091576967,0.0087043904
2014-09-29,-0.002550051,0.000034444,-0.0030949824,-0.0011703856,-0.001200838,-0.0014078617,-0.0020830669,-0.0005169269,-0.0013032984,-0.0007085251
2014-09-30,-0.0027898167,3.44589352608E-06,-0.0008772463,-0.00186879,-0.0031494424,-0.0037981346,-0.0050046314,-0.0046786629,-0.0038106795,-0.0046182973
2014-10-01,-0.0133371062,-0.0089701284,-0.0151424762,-0.0142014613,-0.0142184068,-0.0135136135,-0.0128273014,-0.0134136854,-0.0138332201,-0.0147580476
2014-10-02,5.14344867941E-06,0.0025303625,0.0017532893,0.0011788849,0.0004937965,-0.0001065359,0.0008591488,0.0022408925,0.0028544106,0.0022852663
2014-10-03,0.0111036353,0.0127527732,0.006291844,0.0097286068,0.0095685348,0.0094455983,0.0094331279,0.0115753096,0.0112614427,0.0111909034
2014-10-06,-0.0015663859,0.0003494602,-0.000017792,-0.0040024901,-0.0037000384,-0.0048500672,-0.0048560742,-0.0040953625,-0.0044940896,-0.0043813838
2014-10-07,-0.0152416183,-0.0118430313,-0.0147392023,-0.0132341338,-0.0159152914,-0.0167102851,-0.0165254716,-0.0167241227,-0.0155097404,-0.0160761476
2014-10-08,0.0173109475,0.0129211303,0.0117513016,0.01321851,0.0177207161,0.0140034668,0.0140566565,0.0154775064,0.0158788878,0.0151473731
2014-10-09,-0.0208778486,-0.0129030924,-0.0174019691,-0.0189737752,-0.0199627113,-0.0208315291,-0.0226957705,-0.0194940865,-0.0191110745,-0.0196889415
2014-10-10,-0.01151708,0.0005939174,-0.0039463919,-0.0063963095,-0.007572392,-0.0092938356,-0.0088838786,-0.0089875795,-0.0101461187,-0.0105563262
2014-10-13,-0.0166050334,-0.0094021205,-0.0120656658,-0.0116667142,-0.0137373526,-0.01524093,-0.0175228659,-0.0176939722,-0.0170263276,-0.0171749368
2014-10-14,0.0015776197,0.0034835842,0.0038057882,0.0040011648,0.0015915576,0.0013493542,0.0012507811,0.0024187844,0.0097098779,0.0057067424
2014-10-15,-0.0081333008,-0.007475419,-0.0087327063,-0.0073750978,-0.0071541015,-0.0076251067,-0.0070522185,-0.0054339822,-0.0075137597,-0.0047691436
2014-10-16,0.0001449675,0.000211563,-0.0063484423,-0.0013341587,0.0003487486,-0.0011074916,-0.0018071868,0.0017579161,0.0008963495,0.0126817608
2014-10-17,0.0128018134,0.014833468,0.0098961471,0.0096531026,0.0099189412,0.0095896497,0.0112726949,0.0132561978,0.0087761041,0.0103118625
2014-10-20,0.0091011161,0.0068304408,0.0058689984,0.0092090741,0.010098407,0.0097098863,0.0081385598,0.0103351753,0.0100867655,0.0100039374
2014-10-21,0.0193853706,0.0134841781,0.0136629902,0.01321851,0.0175198093,0.0175678171,0.0162907802,0.0190005582,0.0188698862,0.0185338277
2014-10-22,-0.0073261007,-0.0007881615,-0.0023762528,-0.0045776824,-0.0059868004,-0.0081968121,-0.0063396301,-0.0048299469,-0.0054281019,-0.0051729633
2014-10-23,0.0122283058,0.0015138239,0.0007606,0.0029766327,0.0037247241,0.0033221431,0.0030781291,0.0050604399,0.0072422866,0.0073501058
2014-10-24,0.0070286903,0.0091080917,0.0061255256,0.007097784,0.0075160293,0.0082968771,0.0067466311,0.0079817977,0.007267734,0.0074703759
2014-10-27,-0.0015026968,0.0077997856,0.0019868631,0.0045350101,0.0020823963,0.0025869701,0.0011381954,0.0017246176,0.0013420638,0.0015908377
2014-10-28,0.0118683646,0.011423314,0.0094966162,0.01321851,0.0105013233,0.0081200469,0.0097796246,0.0110296998,0.0114497561,0.0096072573
2014-10-29,-0.001386316,-0.0017914865,-0.0031272732,-0.0054103574,-0.0020835456,-0.0027402285,-0.0024555251,-0.0008325763,-0.0009558313,-0.00033742
2014-10-30,0.006210797,0.0091217095,0.004774563,0.0041856049,0.004322255,0.0040887557,0.0062001199,0.006793892,0.0070481133,0.005862135
2014-10-31,0.0116631145,0.0098869689,0.0065330146,0.008662466,0.0088347178,0.0084157307,0.008382868,0.0091461111,0.0093660783,0.0088887224
2014-11-03,-0.0001189288,0.001235513,-0.0024587084,-0.0016147597,-0.0023551602,-0.0013780687,-0.0009641647,0.0007827077,0.0011856668,0.0014890432
2014-11-04,-0.0028338532,0.0075361878,0.0032063704,0.0041018352,0.0019620489,0.0001245253,-0.0008542128,0.0001710504,0.0024333056,0.0002797656
2014-11-05,0.0056843107,0.0049710888,0.0017821174,0.0010288497,0.0002081208,0.0012600832,-2.06008553505E-05,0.0023430977,0.0027527753,0.0027040113
2014-11-06,0.0037684038,0.0058965329,0.0037504453,0.0082523488,0.0052732229,0.0032072105,0.0043071732,0.0067429747,0.0067894515,0.00680586
2014-11-07,0.0003495251,0.0019885544,0.0019260589,-0.0024666293,-0.0013885573,-0.0024170466,-0.0009520799,-0.001982173,-0.0013499614,-0.0008954564
2014-11-10,0.0031153271,0.0056945961,0.0038882587,0.0051688403,0.0041489108,0.0040391013,0.0020777136,0.0033001509,0.0055015031,0.0049554794
2014-11-11,0.0006964517,-0.0003458504,-0.0009900071,-0.0002387753,-0.0013906471,-0.0018125754,-0.0028146524,-0.0016063508,-0.0013495591,-0.0021221582
2014-11-12,-0.0007013627,0.0016043968,-0.0003084876,-0.0014942857,-0.0016874187,-0.0027775653,-0.0015793964,-0.0003105421,-0.000115497,0.0004339088
2014-11-13,0.0005297044,0.0027716588,-0.0016480498,-0.0039648646,-0.0042944141,-0.0058870967,-0.0028414447,-0.0017331224,-0.0026795659,-0.0021281345
2014-11-14,0.0002402412,-0.0029588975,-0.0024599303,-0.0026679644,-0.0018950533,-0.0039223488,-0.0034262128,-0.0027685948,-0.0006681755,-0.0016173804
2014-11-17,0.0007350888,0.0035966877,0.0007673241,0.0012202533,-0.0001736227,-0.0013455786,-0.0004837997,-8.20886343718E-05,0.000661863,-0.0006992221
2014-11-18,0.0051208496,0.0009900164,-0.0016591921,0.0009538624,0.0010329951,0.0022594649,0.0040364787,0.0057957862,0.0051249769,0.0056310585
2014-11-19,-0.0015022868,0.0012903251,-0.0034825783,-0.0007759286,0.0003308412,-0.0003768411,-0.0012479983,0.0002353713,0.0028962959,0.0011063376
2014-11-20,0.0019651639,0.0008290894,0.0001213625,0.0006241444,0.0029105619,0.0020073149,0.0034215376,0.00314763,0.0022058208,0.0023592338
2014-11-21,0.0052232126,0.0046041235,0.0014561769,0.0033132778,0.0028096735,0.0030673873,0.0035225116,0.0034348723,0.0030607041,0.0033244407
2014-11-24,0.0028599298,0.0052512959,0.0013801698,0.0035076709,0.0031090872,0.0028837696,0.0035528615,0.0041857865,0.0039613284,0.003381311
2014-11-25,-0.0011506916,0.0021519102,-0.000928143,0.0009219712,-0.0003192313,-0.0005284008,-0.0006756969,0.0013735648,0.0006112792,0.0004290342
2014-11-26,0.0028020526,0.0044306815,0.0007499922,0.0035198079,0.0023736116,0.0023680255,0.0017490275,0.0023532193,0.0032559074,0.0032671737
2014-11-28,-0.0025456644,0.0054114964,-0.0021440219,0.0002208892,-0.0022591762,-0.0033849441,-0.0027706977,-0.0019226242,-0.0055799913,-0.0041228952
2014-12-01,-0.0068527897,-0.0017650817,-0.0073349793,-0.0091503402,-0.0105612855,-0.0111561306,-0.0123641361,-0.0119896773,-0.0115163047,-0.0111525031
2014-12-02,0.006364167,0.0062268898,0.0029671043,0.0042719916,0.0072169825,0.0083658136,0.0065341331,0.0076020192,0.0065337028,0.0067390129
2014-12-03,0.0037576737,0.0034354944,0.0006377064,0.0027167797,0.0019081905,0.0028706603,0.003316246,0.0037540328,0.0057162549,0.0025092959
2014-12-04,-0.0011625716,0.0044531617,-0.0004727524,-6.78328797221E-05,-0.0001871567,-0.0003683288,-0.0005849078,0.0011089444,0.0003290698,0.0017590504
2014-12-05,0.0016638314,0.0035009235,0.0017614905,0.0019323882,0.0002423432,-0.0006127376,-0.0003120825,0.0015968606,0.0020191744,0.0011109514
2014-12-08,-0.0072830219,0.0045302995,-0.0035308208,-0.0023076395,-0.0050158184,-0.0043663736,-0.0054503735,-0.0054375939,-0.0059603099,-0.0066899201
2014-12-09,-0.0002378522,-0.0053797532,-0.0048072319,-0.0036510685,-0.0016890354,-0.0017599389,-0.0003583543,0.0004111081,0.0006911308,0.000029929
2014-12-10,-0.0164861208,-0.0066340305,-0.0144368242,-0.0138613516,-0.0145348441,-0.0145208724,-0.0156763233,-0.0128430147,-0.0123359552,-0.0126442788
2014-12-11,0.0045254338,0.0022415407,-0.0015929118,0.0012744013,0.0014431458,0.0014512111,0.0010942556,0.002682494,0.005988745,0.0026464742
2014-12-12,-0.0163464658,-0.012716325,-0.014820518,-0.0151913213,-0.0140206497,-0.0137850344,-0.0166133381,-0.0166042708,-0.0158347301,-0.0163812488
2014-12-15,-0.0063627862,-0.0018565208,-0.0065053571,-0.0077510597,-0.0078595523,-0.0088842884,-0.0084425509,-0.0072943624,-0.0076443199,-0.0059292587
2014-12-16,-0.00852526,-0.0039586835,-0.0069191959,-0.0061102053,-0.0067720674,-0.0074699707,-0.0079958066,-0.0064794868,-0.0073609482,-0.0060693128
2014-12-17,0.0201480735,0.0148219243,0.0170001183,0.01321851,0.0183741543,0.0154968016,0.0173203871,0.0173996184,0.0185841229,0.016738981
2014-12-18,0.0237313745,0.0177546535,0.0171596743,0.01321851,0.0183654912,0.0185747873,0.0191545077,0.0201363545,0.0185079668,0.0187126789
2014-12-19,0.004559638,0.0022735335,0.0040706284,0.0058099777,0.0065273046,0.0058947857,0.0045976825,0.0065085422,0.0047016814,0.0055263364
2014-12-22,0.0038032226,0.008756266,0.0019534007,0.0015063761,0.0019338802,0.00136628,0.0024283528,0.0053901505,0.0033868533,0.0044851676
2014-12-23,0.0017448387,0.0067519359,0.007734389,0.0066928095,0.0047604712,0.0029856134,0.0037092641,0.0051017273,0.0038168263,0.0031417198
2014-12-24,-0.0001393062,-0.0021874458,-0.0032259282,-0.0022315476,-0.0022846926,-0.0016971324,-0.0022842474,-0.0003209282,0.0001078844,-0.0001720451
2014-12-26,0.0033041101,0.0007498246,-0.0013618432,0.0023600208,0.0011898503,0.0011249632,0.0006370805,0.002396496,0.0028598551,0.003815555
2014-12-29,0.000861403,0.0020753331,0.0006388277,0.0020305132,0.0015929136,0.0008249935,0.0009054877,0.001457667,0.002424119,0.0005918918
2014-12-30,-0.0049005927,-0.0005651563,-0.0033868253,-0.002973319,-0.0032168385,-0.0031028464,-0.003240535,-0.0036698468,-0.0029961579,-0.0044199331
2014-12-31,-0.0103643839,-0.0107979942,-0.0135953408,-0.010945675,-0.0108698457,-0.0114262253,-0.0116987415,-0.0107500311,-0.0106406473,-0.0105197476
2015-01-02,-0.0003400214,0.000858238,-0.0002860483,0.0017162105,0.0001077931,-0.0005910266,-0.0010670088,0.0004322361,0.0016697422,0.0001450852
2015-01-05,-0.0184472135,-0.007661799,-0.0142630246,-0.0145853003,-0.0146500189,-0.0158847906,-0.0176659003,-0.0171773564,-0.0134126646,-0.0179380663
2015-01-06,-0.0089332548,-0.0057042688,-0.0086782873,-0.0081459703,-0.0091326088,-0.0089829415,-0.0089791417,-0.0068827588,-0.0070043318,-0.0076572606
2015-01-07,0.0115627358,0.0138973976,0.0112179611,0.0094858287,0.0096802283,0.0102604339,0.0140050799,0.0135354456,0.0117403474,0.0128234066
2015-01-08,0.0177301685,0.0166806467,0.0137179429,0.01321851,0.0183935389,0.0168342944,0.0150704756,0.0163949374,0.014084598,0.0139915152
2015-01-09,-0.0084393222,-0.0080787819,-0.0090577975,-0.0062739113,-0.006917024,-0.0078374371,-0.0086532272,-0.0077728778,-0.0074875169,-0.00774197
2015-01-12,-0.0081266169,-0.0058367308,-0.0106572267,-0.0114215082,-0.0132749509,-0.0124445856,-0.0109345559,-0.0106345266,-0.0100812819,-0.0104552666
2015-01-13,-0.0025818857,0.0030510295,-0.0002713148,-0.0006974451,0.0001915395,-0.0004772246,-0.0003389195,0.0016065929,0.0029938407,0.0006277915
2015-01-14,-0.0058300286,-0.0036983564,-0.0070562176,-0.0076967431,-0.0026592091,-0.0053745527,-0.0065060686,-0.0052745063,-0.0048267227,-0.005927206
2015-01-15,-0.0092909032,-0.0005250052,-0.0033623092,-0.004657899,-0.0092482194,-0.0085643455,-0.0106934216,-0.0088095684,-0.0088666733,-0.0076657468
2015-01-16,0.0133348932,0.0142654954,0.0127201676,0.01321851,0.0184489544,0.0159054175,0.0153402723,0.015746301,0.0173885133,0.0174298454
2015-01-20,0.0015487525,0.0014134478,-0.0001176763,0.0005387971,0.0007782187,0.0003911257,0.0003058948,0.0033732709,0.0013610981,0.00137961
2015-01-21,0.0047204649,-0.0017264429,0.0028416272,0.0132185118,0.0060323058,0.0058725309,0.0031984709,0.0060010049,0.0071386006,0.0065719322
2015-01-22,0.015154313,0.0164330564,0.0141270487,0.01321851,0.0133580556,0.011683058,0.0118773021,0.0121178608,0.0111557562,0.0121016698
2015-01-23,-0.0055066563,-0.0062765721,-0.0089567248,-0.0073204571,-0.0064047147,-0.0068065487,-0.0058569517,-0.0036987327,-0.0053738672,-0.004083707
2015-01-26,0.0025651682,0.0021276101,0.0053082295,0.0059890463,0.0032348875,0.0024866555,0.003561832,0.005187748,0.0056990776,0.0055621071
2015-01-27,-0.0134782878,-0.0116118062,-0.0108006727,-0.0120097073,-0.0107192341,-0.0119047724,-0.010767933,-0.0097950567,-0.0086800046,-0.0101504987
2015-01-28,-0.013587503,-0.015397625,-0.0198075492,-0.0165397637,-0.0173345115,-0.0177713893,-0.0173095278,-0.0160681494,-0.0137433289,-0.015184761
2015-01-29,0.0094895171,0.007744493,0.003409151,0.0017183851,0.0040252227,0.0057456829,0.0112602375,0.0123507734,0.0114097092,0.0128811048
2015-01-30,-0.0130770991,-0.0180171598,-0.017859241,-0.0180434883,-0.0165522005,-0.0141429119,-0.0127986334,-0.0140192695,-0.0154898837,-0.0148684317
2015-02-02,0.0128791703,0.0134899085,0.0138972718,0.01321851,0.0121798096,0.0109857358,0.0120440833,0.0135759655,0.0115755219,0.0111015029
2015-02-03,0.0143362382,0.0119976895,0.0138000529,0.01321851,0.0141291209,0.0136081344,0.0127879791,0.0139692184,0.0160360727,0.0145580433
2015-02-04,-0.0041647063,0.0061887112,-0.0019739494,-0.0011441754,-0.0019539278,-0.0032332111,-0.0038688798,-0.0028458871,-0.0029961579,-0.0040320521
2015-02-05,0.0102388108,0.009648989,0.0089113172,0.0110761514,0.0087694665,0.0092412736,0.010058336,0.0090784077,0.0096947867,0.0096732248
2015-02-06,-0.0034240277,-0.0014921781,-0.0065555237,-0.0075185178,-0.0068462715,-0.0088641085,-0.0071324315,-0.0062604342,-0.0066682845,-0.0063011618
2015-02-09,-0.0042562396,-0.0025532003,-0.0017013159,-0.0027161641,-0.0036099479,-0.004800247,-0.0058548078,-0.0039963163,-0.0049225129,-0.0037527075
2015-02-10,0.0106189797,0.0055346061,0.0042842254,0.0093445852,0.0088311061,0.0082282107,0.0074728094,0.0093053784,0.0092838351,0.0089721344
2015-02-11,-2.90342065519E-05,0.0097551243,0.0036864001,0.0037496509,0.0028962623,0.000200741,0.0037390403,0.0041315313,0.0002784263,0.0019158227
2015-02-12,0.009598295,0.0071444474,0.0073441658,0.0080059357,0.0119010862,0.01011586,0.0099159852,0.009821834,0.0097705182,0.0149403103
2015-02-13,0.0040664593,-0.005668804,-0.0033866987,-0.0015202053,-0.0007672589,-0.0007512514,-0.0026720036,-0.0018371213,-0.0011712238,0.0014895219
2015-02-17,0.0015962999,0.010591832,0.0041229054,0.0075563239,0.0063110255,0.006311683,0.0057752579,0.0061090235,0.007689504,0.0042198934
2015-02-18,-0.0003143585,0.0061953794,0.0058181407,0.0049435953,0.0047021033,0.0039292462,0.0035087354,0.0061208922,0.0044070575,0.0052718939
2015-02-19,-0.001062622,-0.0014515445,-0.0045601409,-0.0056006713,-0.0037037898,-0.0048351027,-0.0040214024,-0.0033876486,-0.002157541,-0.0033693956
2015-02-20,0.0061078429,0.0043899883,0.0023746602,0.0063255373,0.0037912233,0.0026182495,0.001628954,0.0030145142,0.0038085505,0.0035659717
2015-02-23,-0.0003033853,0.0006926917,-0.0038141999,-0.0025902214,-0.0024570525,-0.0022003353,-0.0018840358,-0.0006743353,-0.00005899,-0.0012434497
2015-02-24,0.0027549723,0.003586838,0.0017561428,0.0029569073,0.0023914743,0.0008974522,0.0010227114,0.0021933448,0.0026862752,0.0023021335
2015-02-25,-0.0007660169,0.0013320725,-0.0005829055,0.0003256882,0.0039526103,0.0030453876,0.0029655285,0.0038464423,0.0007810872,0.002026963
2015-02-26,-0.0014771185,-0.0007578209,-0.0035615712,-0.0015471699,-0.0033877995,-0.0032802876,-0.0048367493,-0.0039792843,-0.002428513,-0.0027868897
2015-02-27,-0.0029606829,-0.0005203672,-0.0031029135,-0.0011962624,-0.0016010646,-0.0017203614,-0.0022780672,-0.0031003933,0.0015378837,-0.0018708622
2015-03-02,0.0061062384,0.0071672816,0.0046589375,0.0052135205,0.0042356988,0.0031171143,0.00356327,0.0048959684,0.0079512093,0.0063660489
2015-03-03,-0.0045488729,-0.0018306263,-0.0050917231,-0.0042734696,-0.0028667431,-0.0034632497,-0.0041529369,-0.001729561,-0.0023057666,-0.0030084485
2015-03-04,-0.0043981612,-0.005498169,-0.0089566205,-0.007795128,-0.0069883559,-0.0066683032,-0.0059462916,-0.005056968,-0.0046555437,-0.0052420693
2015-03-05,0.0011953654,0.004967086,0.0020687226,0.0044065993,0.0035748063,0.0040459037,0.0021372698,0.0029748846,0.0032562912,0.0029284293
2015-03-06,-0.0142753562,-0.0137559902,-0.0178938899,-0.0168672316,-0.0149175171,-0.0163266547,-0.0172461998,-0.0168480091,-0.0152149349,-0.0164431855
2015-03-09,0.0039366624,0.0045628157,0.0003549866,0.0018499205,0.0021316819,0.0026188605,0.0017229505,0.0024781805,0.0027403366,0.0034528803
2015-03-10,-0.0171068212,-0.0175924767,-0.0195981469,-0.0186745301,-0.0176963154,-0.0167146362,-0.0172649845,-0.0159823094,-0.0128964717,-0.0161688216
2015-03-11,-0.0019195207,0.0006848555,-0.0007949416,-0.0009825146,-0.0018727481,-0.0025151093,-0.0019544214,-0.0009814501,0.0006129742,-0.0009731064
2015-03-12,0.0125227022,0.0145688811,0.0111596445,0.0116547234,0.0114301844,0.0100496737,0.0114102252,0.0120751578,0.0115420241,0.0115911216
2015-03-13,-0.0060932372,-0.002702022,-0.006779151,-0.0036659008,-0.0045633651,-0.0037353206,-0.0054416955,-0.0040463619,-0.0059612337,-0.0052071279
2015-03-16,0.013442909,0.0171591714,0.0111921206,0.01321851,0.0130618168,0.0126098581,0.0131235421,0.0143007804,0.0143308323,0.0138337398
2015-03-17,-0.0033256977,-0.002862731,-0.0060111564,-0.0050061597,-0.0043152981,-0.0041002072,-0.0046592541,-0.0036441945,-0.0014699101,-0.0028112791
2015-03-18,0.0120851016,0.0100116814,0.0100907274,0.01321851,0.0114959329,0.0118225636,0.010846518,0.0116674174,0.0124084782,0.01292828
2015-03-19,-0.0048844889,-0.0028368589,-0.0049258228,-0.0037093749,-0.0045174751,-0.0040362626,-0.0049607195,-0.0033564977,-0.0028214604,-0.0031173928
2015-03-20,0.0089723821,0.0080428664,0.0101303495,0.0081557538,0.0078091007,0.0099053625,0.0099529512,0.0099014621,0.0128784236,0.0101804808
2015-03-23,-0.0017472567,0.0032147747,0.0018758476,0.0007643718,-0.0006665643,-0.0005982723,-0.0002510436,-0.0004333295,-0.0004460756,0.0009041103
2015-03-24,-0.0061583458,-0.0057204776,-0.0072479565,-0.0061229346,-0.0061423145,-0.0081468634,-0.0071095787,-0.0056552924,-0.0066883992,-0.0068469038
2015-03-25,-0.0146659264,-0.0109041166,-0.0145183448,-0.0144486586,-0.0142564271,-0.0140386075,-0.014723774,-0.0128920581,-0.0129979448,-0.0140106371
2015-03-26,-0.002380331,-0.0022983067,-0.0051914826,-0.004230977,-0.0034813322,-0.0045054704,-0.0038475618,-0.0022035893,-0.0028731953,-0.0024724044
2015-03-27,0.0023657611,0.0015035793,-0.0026513748,0.0001398288,0.0002370197,0.0002063215,-8.57934355736E-06,0.0015188344,0.0036316048,0.002305516
2015-03-30,0.0121623823,0.0122401072,0.0116195912,0.0122422185,0.0106581589,0.0091983248,0.0104719922,0.0119502377,0.0110939275,0.0106278872
2015-03-31,-0.0088346859,-0.0042092316,-0.0071823671,-0.0065079993,-0.006905118,-0.0077805892,-0.0083807781,-0.006850712,-0.0078693982,-0.0081043011
2015-04-01,-0.0039732546,-0.0031382125,-0.0043341592,-0.0035842871,-0.0032512359,-0.0043552909,-0.0040677264,-0.0039604604,-0.005414987,-0.0040541356
2015-04-02,0.0035234525,0.006156927,0.0051958002,0.0044112299,0.0040650442,0.001901526,0.0033939518,0.0038833153,0.0039249323,0.003458038
2015-04-06,0.0065870725,0.0082006361,0.0088460343,0.0110113733,0.0083900644,0.0076726824,0.006964419,0.0091847982,0.0085940938,0.0085763838
2015-04-07,-0.0020640327,-0.0005600806,-0.0048636198,-0.0037860004,-0.0038034525,-0.0047504194,-0.0037412662,-0.0029161759,-0.0015928969,-0.002231176
2015-04-08,0.0026789415,0.0035074148,0.0036384631,0.0035748482,0.0031008115,0.0035761278,0.0025959872,0.0039480124,0.0065105204,0.0051155128
2015-04-09,0.0044475762,0.0016967356,0.0014275685,0.0036487421,0.0037587527,0.0027195476,0.0020634681,0.004363602,0.0059352648,0.0059457938
2015-04-10,0.0051893769,0.0028487034,0.0016314704,0.0020137457,0.0024405643,0.0017718412,0.001542002,0.0035054069,0.0037059989,0.0031516254
2015-04-13,-0.0045918068,-0.0013407413,-0.0027489159,-0.0034853453,-0.0038224179,-0.0047752727,-0.0047140438,-0.0035795234,-0.0043375436,-0.0041498942
2015-04-14,0.0016284321,0.0030220672,0.0026932061,0.0019938564,0.0021409821,0.0005366709,0.0008180216,0.0021563545,0.0035551339,0.0011681924
2015-04-15,0.0051349891,0.0011396855,0.004499048,0.01321851,0.0043727411,0.0045914203,0.0048518926,0.0060745161,0.0075272191,0.0059400783
2015-04-16,-0.000778747,0.0006002393,-0.0007493459,0.0010385271,0.0009025689,-0.0005933251,-0.0004984476,0.0009002928,0.0013179723,0.001141537
2015-04-17,-0.0113757039,-0.0153377559,-0.0143511128,-0.0139909973,-0.0142984297,-0.0148629509,-0.0139616672,-0.0121050086,-0.0118635483,-0.0121716363
2015-04-20,0.0091927483,0.0058481283,0.0040021129,0.0043001156,0.0047211591,0.0042188801,0.0050404519,0.0065892618,0.0058886278,0.0075987806
2015-04-21,-0.0014817024,-0.0016908161,-0.0062114056,-0.0020147422,-0.0024576355,-0.0022635385,-0.0031736027,-0.0011774357,0.0003253017,-0.0019627726
2015-04-22,0.0050745829,-0.0006718226,-0.0010404922,0.0009947792,0.001438275,0.0007273126,0.0001369603,-3.91341745853E-05,0.0028293487,0.0008953437
2015-04-23,0.002354941,-0.0003175382,-0.001895139,-8.33533704281E-07,-0.0002115741,-0.000278661,-0.0006707013,0.0004344769,0.0023602452,-0.0007915031
2015-04-24,0.0022502665,0.0039203223,0.0061419718,0.0025948668,0.0016973838,8.85240733624E-05,2.75783240795E-05,0.0006329939,-0.000138564,0.0006606719
2015-04-27,-0.004149913,-0.003730122,-0.0026942305,-0.0060286848,-0.0074122511,-0.0078211986,-0.006680591,-0.0076351017,-0.0050372612,-0.0068403715
2015-04-28,0.0027654045,0.0035592783,0.003002692,0.0025020344,0.0025676414,0.0014506113,0.0004768074,0.0011131596,3.53250652552E-05,0.0010166895
2015-04-29,-0.0037473481,-0.010318717,-0.0039976817,-0.0042630853,-0.0092053935,-0.0094865523,-0.0090037212,-0.0069714505,-0.0078998208,-0.006772629
2015-04-30,-0.0101805531,-0.005095521,-0.0040601585,-0.0059694955,-0.0069101825,-0.008354228,-0.011249356,-0.0094682816,-0.0126113063,-0.0096960207
2015-05-01,0.0108637764,0.0078655388,0.005407067,0.0065920493,0.0055201249,0.0058733635,0.002696801,0.0048868228,0.0076749083,0.0078798123
2015-05-04,0.0029364331,0.0035718661,0.0034386702,0.0021097641,0.001696473,0.0006804671,0.0018272251,0.0029879715,0.0025687423,0.002658532
2015-05-05,-0.0119080032,-0.007655235,-0.0079260916,-0.0093206773,-0.0106686708,-0.011003904,-0.0112854391,-0.0110995136,-0.0110587487,-0.0116767241
2015-05-06,-0.0044656813,0.0003551859,-0.0033958573,-0.0033299504,-0.0035933368,-0.0040560849,-0.0040071011,-0.0020529013,-0.002333438,-0.0060521467
2015-05-07,0.0037667106,0.0090224706,0.0063354615,0.0059827613,0.005293712,0.0048769284,0.0055060685,0.005989315,0.0054037925,0.0067153508
2015-05-08,0.0133681481,0.0141920242,0.0144632682,0.01321851,0.0132368244,0.0113632847,0.0124717131,0.0137777645,0.0113065001,0.0131276306
2015-05-11,-0.0051025567,-0.0006543268,-0.0032711662,-0.0032192366,-0.0041313581,-0.0049278028,-0.0040192027,-0.0026288461,-0.0023224726,-0.0044237012
2015-05-12,-0.0029539965,-0.002130324,-0.0044395998,-0.0042301854,-0.0044979732,-0.005872177,-0.0058472175,-0.0035263617,-0.0045441203,-0.0034752293
2015-05-13,-0.0003050014,-0.0006314199,-0.0034287348,-0.0014918838,2.86549329758E-05,-0.0008340348,-0.0028356519,-0.0018431563,-0.0011886116,-0.0032409569
2015-05-14,0.0107216046,0.0143864946,0.0112909433,0.0085959285,0.0069670565,0.0050783642,0.007458277,0.0079292338,0.0082726646,0.0091758296
2015-05-15,0.0007681184,0.0002439171,-0.0003204644,0.0009265421,0.0017236508,0.0012440216,0.0006497763,0.0023751464,0.0018762574,0.0017353883
2015-05-18,0.0030433126,0.0051936973,0.0026387833,0.0026051542,0.0038342737,0.003648635,0.0018062852,0.0030421969,0.0021850001,0.0041044299
2015-05-19,-0.0006435816,0.002608275,-0.0015718378,-0.001835729,-0.0009761136,-0.0011366606,-0.0010780618,-2.68071889877E-05,-0.000772804,-0.0018897858
2015-05-20,-0.0009309492,0.001149578,0.0002321042,-0.0004143957,-0.0011970401,-0.0016301069,0.0005115867,0.0003388654,0.0003235564,7.7810138464E-05
2015-05-21,0.0023351456,0.0010947622,-5.78705221415E-05,0.0005791606,0.0010340083,0.0006440729,0.0002976283,0.0020516906,0.001464529,0.0027538175
2015-05-22,-0.0022363848,-0.0015658718,-0.0046137925,-0.0033523804,-0.0036717504,-0.0039102267,-0.0042814668,-0.0030969735,-0.0032881293,-0.0026649004
2015-05-26,-0.0103352052,-0.0104564149,-0.0137662906,-0.0140786907,-0.0136139113,-0.0135534778,-0.0133732148,-0.0119746309,-0.0117922695,-0.0127563598
2015-05-27,0.0091209188,0.0067748427,0.0049165729,0.0075851451,0.0072596185,0.0043134186,0.0080192871,0.0104383994,0.0076377485,0.0071510412
2015-05-28,-0.0012675637,0.002042003,-0.0015859324,-0.0004568277,-0.0014880504,-0.0020101797,-0.0020753331,-0.004341146,-0.0055475198,-0.0041564042
2015-05-29,-0.006338515,-0.0066423006,-0.0088049471,-0.0079309372,-0.0057711247,-0.0065220073,-0.0065080486,-0.0065496974,-0.0067018084,-0.0068978472
2015-06-01,0.0020573431,0.0021330249,-0.0016665682,0.0002780929,-0.0008374397,-0.0001190789,0.0005707517,0.0024748277,0.0029254332,0.0019479338
2015-06-02,-0.0010091048,0.0005907696,0.0009010062,-0.0002796566,-0.0004311316,-0.0022296552,-0.0014264621,-0.0007084645,-0.0002014525,0.0001052292
2015-06-03,0.0021166291,0.0035150889,0.000408303,0.0001858966,-0.0010249708,-0.002004303,-0.0011287369,0.0003025401,0.0002123602,-0.0008545797
2015-06-04,-0.008660562,-0.0094903801,-0.0081511326,-0.0081741484,-0.0089054368,-0.0089113675,-0.0098590702,-0.0084613822,-0.0073977374,-0.0085022645
2015-06-05,-0.0014372153,-0.0053813662,-0.0049796179,-0.0046372013,-0.0027113985,-0.0034086611,-0.0042112749,-0.0025117062,-0.002076311,-0.0014507547
2015-06-08,-0.0064955604,-0.0024877917,-0.0064917747,-0.0074932342,-0.0068023838,-0.0077446997,-0.0068657193,-0.005640436,-0.0072425734,-0.0064013628
2015-06-09,0.0004182655,0.0041785203,0.0036836527,0.0014280472,0.0014461055,-0.000037469,-5.90533018112E-05,0.001874825,0.001032019,0.0019966783
2015-06-10,0.0119704918,0.012564675,0.0115467999,0.0131435422,0.0110402275,0.0101351421,0.0093308128,0.0103845727,0.0091719609,0.011477666
2015-06-11,0.0017371166,0.0059863888,0.0017258693,0.0025338726,0.0023250673,0.0019847509,0.0030876473,0.0033389051,0.0033625569,0.0023967493
2015-06-12,-0.0070188747,-0.0020415448,-0.0062666796,-0.0051558325,-0.0054891463,-0.0056319721,-0.0057017505,-0.0044959337,-0.0036513805,-0.0045896815
2015-06-15,-0.0046332892,-0.0060617514,-0.0077862237,-0.0065440284,-0.0062512793,-0.0071396157,-0.0060379989,-0.0056529548,-0.0043407232,-0.0047091609
2015-06-16,0.0056737303,0.0072845742,0.0062341336,0.0047245482,0.0054776138,0.0041767675,0.0060610324,0.0062547866,0.0060023349,0.006380856
2015-06-17,0.0019776842,0.0045092516,0.0018981975,0.0029293206,0.0047759702,0.0043793898,0.0028476752,0.0044135358,0.0038235784,0.0042256285
2015-06-18,0.0098540001,0.0114886975,0.0077147586,0.0091539603,0.0105609447,0.0107369097,0.0109557286,0.0123244096,0.0102830213,0.0118223988
2015-06-19,-0.0053176152,-0.005936835,-0.0083266273,-0.0072295358,-0.0074930601,-0.0069219768,-0.0060886014,-0.0043230038,-0.0056191497,-0.0051824311
2015-06-22,0.0060763683,0.0007638112,-0.0010987464,-0.0002180263,0.0053682774,0.0051495358,0.0031007975,0.005576605,0.0039806478,0.0032258462
2015-06-23,0.0006356662,-9.20537859201E-05,-0.0009273775,-0.0004746113,-0.0006136745,-0.0025897548,-0.0021187663,-0.0010204725,-0.0006167684,-0.0001200717
2015-06-24,-0.0073804657,-0.005957691,-0.0071508121,-0.008044525,-0.0088104066,-0.0097687468,-0.0106600802,-0.0081298128,-0.0075118579,-0.0087100873
2015-06-25,-0.0029780039,-0.0070030466,-0.0100176707,-0.0086542061,-0.0091822203,-0.0082797073,-0.0064345375,-0.0052898042,-0.0048293304,-0.0059864121
2015-06-26,-0.000390156,0.0040203482,0.0009934008,-0.0010189516,-0.0045807194,-0.0034495927,-0.0019831508,-0.0007485803,-0.0012606848,-0.0004807161
2015-06-29,-0.0210869692,-0.0185110886,-0.0211203005,-0.0212465152,-0.0210807566,-0.0218457133,-0.0238049962,-0.0216950234,-0.0188141018,-0.0221436694
2015-06-30,0.0026549619,0.0012749899,0.00131106,0.0011850959,0.0021176152,0.0011462383,0.0006124452,0.0024648514,0.004116375,0.0022807987
2015-07-01,0.0069120967,0.010900218,0.0083814375,0.0088167191,0.0075769844,0.0077026319,0.0067557953,0.0060719792,0.0056293663,0.0064175278
2015-07-02,-0.0003080704,0.0019795801,0.0001223385,0.0022474611,0.0026350971,0.0020326134,0.0007715076,0.0017521791,0.0031239912,0.0021517444
2015-07-06,-0.0038692324,0.0001012888,-0.0030791536,-0.0049041798,-0.0046613812,-0.0052087586,-0.004161898,-0.0023876745,-0.0029806588,-0.0033628093
2015-07-07,0.0060625605,0.0128512094,0.0096401824,0.0132185118,0.0057970481,0.0105460072,0.0103771389,0.0122130569,0.0112832803,0.0084029082
2015-07-08,-0.0167929648,-0.0097482409,-0.0144674946,-0.0150406053,-0.0146868508,-0.0152339861,-0.0186095536,-0.0164425522,-0.0173951313,-0.0166199692
2015-07-09,0.0022596477,0.0048590265,0.0029774904,0.0012271674,0.0011446346,-0.0001603626,0.0016271658,0.0021608751,0.0023605134,0.0018488895
2015-07-10,0.0122629861,0.0100095058,0.005699344,0.007957967,0.0083212247,0.0070190579,0.0072539896,0.0086392183,0.0087880399,0.0095578106
2015-07-13,0.0110052688,0.009426509,0.0077620279,0.01321851,0.0091490243,0.0079058241,0.0089853108,0.0106561091,0.010352442,0.0097099002
2015-07-14,0.004443273,0.0034997426,0.0013798848,0.007555793,0.0060997987,0.0067261495,0.0044219196,0.0055745263,0.0059386697,0.0038917055
2015-07-15,-0.0007352564,-0.000697365,-0.006061988,-0.0048847226,-0.0049331486,-0.0051922388,-0.0058422424,-0.0055094287,-0.0056974944,-0.0060901185
2015-07-16,0.0079827336,0.0097741066,0.006813135,0.0112984199,0.0111271869,0.0093197301,0.0073150024,0.0094586965,0.0074311476,0.0082333861
2015-07-17,0.0011055719,-0.0013015866,-0.0069812573,-0.0051464858,-0.0055382866,-0.0052476302,-0.0053042714,-0.0033366904,-0.0033237264,-0.0028988943
2015-07-20,0.0007709363,0.0038737655,-0.0029731244,-0.0041404227,-0.003404092,-0.0041701496,-0.0023321062,-0.0010504108,-0.0005168021,-0.0003946144
2015-07-21,-0.0042707961,-0.0020710193,-6.31473958492E-05,-0.0029547447,-0.0032469518,-0.0039401595,-0.0029525477,-0.0027795844,-0.0012651999,-0.0021651788
2015-07-22,-0.0023905652,0.0063966513,0.0008779094,-0.0003850618,7.59940594435E-05,-0.0021466929,-0.0024260208,-0.0025489666,-0.0011858549,-0.0007553287
2015-07-23,-0.0056922102,0.0038787909,-0.0031455923,-0.0001429226,1.52979046106E-05,-0.0008091927,-0.0018395595,-0.0051414203,-0.0037880614,-0.0033523208
2015-07-24,-0.0107610207,-0.0006635226,-0.005938489,-0.0075653484,-0.0079262201,-0.0124078989,-0.0108517464,-0.0117097925,-0.0263122041,-0.01091222
2015-07-27,-0.0057917547,0.0012285877,-0.0049865302,-0.0045391852,-0.0056696143,-0.0049554911,-0.005362371,-0.0041068085,-0.0058352649,-0.0063568903
2015-07-28,0.0123100736,0.004748594,0.0061276052,0.01321851,0.0115099084,0.0109141665,0.0083673298,0.0108013507,0.012475742,0.011026009
2015-07-29,0.0072921428,0.0083363112,0.0069548404,0.0066351257,0.007212908,0.0057146475,0.0069623515,0.0074609276,0.005923992,0.0070735207
2015-07-30,2.83671633774E-05,0.0009955261,0.0012934245,0.003744442,0.0027271677,0.001495393,-1.37574970722E-05,0.0014411472,-0.0018765144,0.0010010507
2015-07-31,-0.0022741038,-0.000488678,-0.0035559181,-0.0055449186,-0.0043788701,-0.0039938819,-0.0008321963,0.0002773479,-0.0024284739,-0.0020068213
2015-08-03,-0.002760694,0.0057808477,-0.0013578124,0.0019685859,0.0017584953,0.0016391426,0.0012475997,0.0017145909,0.0015047062,0.0009065419
2015-08-04,-0.0022522393,0.0027519185,-4.49996441603E-05,0.0012323763,-0.0001239218,-0.0014913119,-0.0006987378,3.42298299074E-05,-0.0005266946,-0.0003275927
2015-08-05,0.0031098384,0.0095708156,0.0047282912,0.0109099392,0.0076508131,0.0070229769,0.0039845146,0.0093131755,0.0085366536,0.0059002996
2015-08-06,-0.0077831958,-0.0051582698,-0.0001570843,-0.0030816747,-0.0034767259,-0.0072501116,-0.0050930381,-0.0062705372,-0.0091518164,-0.0075185308
2015-08-07,-0.0028790232,-0.0007085521,-0.0039474946,-0.0030737231,-0.0030793361,-0.0040439852,-0.0024929903,-0.0022663586,-0.0020018332,-0.0007436071
2015-08-10,0.012726836,0.0076014567,0.0117296074,0.01321851,0.0101742633,0.0094260704,0.0087759048,0.0106117185,0.0106508005,0.0150504569
2015-08-11,-0.009603065,-0.0022511352,-0.0105917305,-0.0124157546,-0.009409681,-0.0100038387,-0.0089452099,-0.0073675904,-0.0088246223,-0.0093168663
2015-08-12,0.0009496039,-0.0019494686,-0.0050553195,-0.0005222596,-0.0003419071,0.0008133892,-0.0006223656,0.0013100095,0.0011965167,0.0011641821
2015-08-13,-0.0012760257,0.0015472025,-0.0038095899,-0.0034883143,-0.0031443909,-0.0038567223,-0.0042165834,-0.0034366343,-0.0029961579,-0.0033690212
2015-08-14,0.003904332,0.0067858063,0.0026969016,0.0014922656,0.0033153165,0.0022424962,0.0028193071,0.0040108729,0.0025201719,0.0037359521
2015-08-17,0.0051978915,0.0054842308,0.0042458382,0.0059219087,0.0049101813,0.0040981583,0.0043014288,0.0052497666,0.0060235877,0.0058514932
2015-08-18,-0.0026289827,0.0031288601,-0.0005006175,-0.0017771153,-0.0025098901,-0.0043268874,-0.0026044231,-0.0015582964,-0.0038642511,-0.0039399555
2015-08-19,-0.0082891367,-0.0074301753,-0.0123037566,-0.0102496585,-0.0105992146,-0.00993542,-0.011712838,-0.010584699,-0.0082071498,-0.0099937031
2015-08-20,-0.0213259605,-0.0109458361,-0.0182051565,-0.0194644295,-0.020084152,-0.0202310197,-0.0251248647,-0.0178007614,-0.0211703964,-0.0183353163
2015-08-21,-0.0323692421,-0.0214683022,-0.0266956408,-0.0245740339,-0.0248345751,-0.0261575915,-0.0281299725,-0.0265296176,-0.02424841,-0.0262907296
2015-08-24,-0.0402114445,-0.0390081406,-0.0444334522,-0.0419372059,-0.0402297825,-0.0436793379,-0.0337411724,-0.028737139,-0.0263122041,-0.03967968
2015-08-25,-0.01361425,-0.014993405,-0.0159412231,-0.0150194736,-0.012026215,-0.0103943385,-0.011795776,-0.0109279845,-0.0115863113,-0.011865505
2015-08-26,0.0382912997,0.024119189,0.0204754137,0.0132185109,0.0184489563,0.0248423107,0.0279936567,0.0305796769,0.0284422096,0.0214621536
2015-08-27,0.0240072543,0.018016601,0.0203666482,0.013218509,0.0184489544,0.0251638629,0.0252649933,0.0257207807,0.0249676723,0.0240870919
2015-08-28,0.0006085512,-0.0031108204,-0.0032676179,-0.0007756166,-0.0006193891,-0.00120553,-0.0012311526,0.0006877985,0.000253154,-0.0004210249
2015-08-31,-0.0084270785,-0.0057859309,-0.0081158988,-0.0076609915,-0.0059644524,-0.0069997944,-0.0069879685,-0.0038701482,-0.0063040871,-0.0052570952
2015-09-01,-0.0300226498,-0.0231363084,-0.0302058626,-0.0269865356,-0.0261029731,-0.027255699,-0.0289078206,-0.026784379,-0.0263122041,-0.0274584368
2015-09-02,0.018127671,0.0129287029,0.0101206396,0.0118461605,0.0155057237,0.0141490549,0.0136779957,0.0152172092,0.0146967378,0.0143360402
2015-09-03,0.0011641159,0.0086285919,0.0049001519,0.0063333199,0.0048231846,0.004457891,0.0044426732,0.0048832763,0.0038346872,0.0053212908
2015-09-04,-0.0154483087,-0.0144680422,-0.0183523763,-0.0142428363,-0.0140043069,-0.0140706152,-0.0154823828,-0.0145441629,-0.0160648916,-0.015382289
2015-09-08,0.024773637,0.024119189,0.0188153777,0.01321851,0.0184489582,0.0218953677,0.0238476433,0.0240281541,0.0225921366,0.0192017052
2015-09-09,-0.0139950357,-0.0131626334,-0.0089590251,-0.0134540414,-0.0125166737,-0.0133961327,-0.0146378502,-0.0136873638,-0.0115450788,-0.0135848774
2015-09-10,0.0052640754,0.0009908024,0.0007158592,0.0011842102,0.0004249942,-6.91413879395E-05,-0.0001332127,0.0006258003,0.0022389553,0.0013310201
2015-09-11,0.0044770066,0.006027868,0.0008025095,0.0013959482,0.001445286,0.0006962083,0.0028032474,0.0031067748,0.001959309,0.0019193925
2015-09-14,-0.0040980415,-0.0021454208,-0.0039784368,-0.0052031623,-0.0045175552,-0.0049315281,-0.0035538096,-0.0029144716,-0.0018037278,-0.0036583906
2015-09-15,0.0127496879,0.0115929609,0.0121739991,0.01321851,0.0105115278,0.0094177928,0.0098419301,0.0119759385,0.0121209081,0.0110456664
2015-09-16,0.0086677408,0.0055673514,0.0109222438,0.01321851,0.0090679964,0.0100177042,0.0096969642,0.0111866649,0.011157902,0.0096920412
2015-09-17,-0.0025643447,-0.0009637158,-0.0028179027,-0.002389377,-0.0023726467,-0.0011413805,-0.0005314834,0.0004144665,0.0021938458,-0.0004645279
2015-09-18,-0.016296231,-0.010049684,-0.0163237322,-0.0196119472,-0.0176588427,-0.0200358778,-0.0169924125,-0.0141681833,-0.0155566381,-0.014240454
2015-09-21,0.0045553923,0.0113003347,0.0047540236,0.002766083,0.0025606658,0.0019225385,0.0022800453,0.0041441638,0.0025524963,0.0033858484
2015-09-22,-0.0123949303,-0.0082763564,-0.0111014899,-0.0123243863,-0.0120634176,-0.0121097974,-0.0139253214,-0.0132757984,-0.0127547188,-0.0131364251
2015-09-23,-0.002050744,0.0028697439,-0.0048356596,-0.0062931655,-0.0061467476,-0.0061209723,-0.0061869007,-0.0051602181,-0.0039993469,-0.0043164594
2015-09-24,-0.0033686521,-0.0027409699,-0.0022159331,0.0005703866,-0.0008457713,-0.0011477489,-0.0027590636,-0.0023399219,-0.0015243236,-0.0027275858
2015-09-25,-0.0004659016,0.0132086938,0.0061318241,0.0028057909,0.0029402655,0.00138673,0.0029704534,0.0030554775,0.0039561056,0.0046121925
2015-09-28,-0.026001211,-0.0167978648,-0.0238953736,-0.0262849368,-0.0276174601,-0.029200729,-0.0266507957,-0.0283148382,-0.0263122041,-0.0257393867
2015-09-29,0.0012320938,0.0044586845,0.0014220178,0.0030140914,0.0030329823,0.0027976949,0.0027347766,0.0036987308,0.002046315,0.0031156521
2015-09-30,0.0188958984,0.0116146281,0.0139032295,0.0132185109,0.01844896,0.0208966043,0.0195198208,0.0190738197,0.0188180115,0.0173684396
2015-10-01,0.0019719387,0.000454383,-0.0015533492,-0.0008183615,0.0014199838,0.0004644301,0.0004720464,-4.77377325296E-05,0.0038150959,0.0021060444
2015-10-02,0.014213793,0.0080731977,0.0183166265,0.0132185081,0.0142965745,0.0131341768,0.0145467147,0.0149018895,0.01527193,0.0178678315
2015-10-05,0.0181245938,0.0186798219,0.0205909628,0.01846781,0.0174190067,0.0182807632,0.0165935308,0.0193303432,0.0167580899,0.0132641196
2015-10-06,-0.0035946894,-0.0043198597,-0.0037654676,-0.0006400058,-0.0020522438,-0.0043279473,-0.0052567367,-0.0042205006,-0.0065046772,-0.0048277779
2015-10-07,0.0080035198,0.0119487606,0.0132289119,0.01321851,0.0127125122,0.0103483554,0.0092065632,0.0102966446,0.0103901159,0.0133720394
2015-10-08,0.0087797803,0.0127124256,0.012733683,0.01321851,0.0124472678,0.0114354724,0.0115078129,0.0130628664,0.0116535742,0.0103818998
2015-10-09,0.0007248486,0.0012493115,-0.0023896825,-0.0013631964,-0.0012230985,-0.0028397944,-0.0035026353,0.0005578082,-0.0003688969,0.0008358825
2015-10-12,0.0012746643,0.0050498247,-0.0014929157,0.000315493,0.0008235369,0.0006461926,-0.0003046133,0.000355728,0.0004353654,0.0002148021
2015-10-13,-0.0068488239,-0.0068190545,-0.0110367816,-0.0089040892,-0.0094523765,-0.0096746162,-0.0105395485,-0.0082704239,-0.0098019633,-0.0091506997
2015-10-14,-0.0047274308,-0.0067753475,-0.0056062099,-0.0006414521,0.0014465004,-0.0003190711,-0.0028050318,-0.0017703604,-0.0008356273,-0.0024989396
2015-10-15,0.0147435513,0.011933824,0.005956878,0.0078972261,0.0088372966,0.0083954912,0.0102563687,0.0103970375,0.0100661907,0.0125728957
2015-10-16,0.0045600614,0.0090200882,0.0028828662,0.0026896754,0.0036034156,0.0026116837,0.0021466091,0.0019254889,0.0020904522,0.002316392
2015-10-19,0.000270509,0.0044942945,-0.001511503,0.0008918103,0.0006833412,0.0004963782,0.0001386963,9.06027853489E-05,-0.0025391728,-0.0017044619
2015-10-20,-0.0014221007,0.0072877035,0.0027101226,-0.0032808306,-0.0022723358,-0.0007311814,-0.0033251457,-0.0010704957,-0.0015415493,-0.0009577777
2015-10-21,-0.0058424493,0.0057994723,-0.0035377163,-0.0034803012,-0.0042003375,-0.0036814138,-0.0068980809,-0.0065713506,-0.0030277427,-0.0036206646
2015-10-22,0.0164908473,0.0168056078,0.0130853178,0.0108692292,0.011881561,0.0067259502,0.0155156404,0.0166381653,0.0110586006,0.0135292476
2015-10-23,0.0109699537,0.0026053339,0.0043692309,0.0087842569,0.0058683781,0.0070368033,0.0083159953,0.0100053605,0.0080565345,0.0102639515
2015-10-26,-0.0019149327,-0.0003398024,-0.0024687983,-0.0035671992,-0.003303865,-0.0045432635,-0.0032981131,-0.0009289328,-0.0036754031,-0.0020426922
2015-10-27,-0.0025573858,0.0078195296,-0.0001456887,0.0017688656,0.0026647002,0.0034270212,0.0011524111,0.0008000862,0.0005626846,-0.0005643703
2015-10-28,0.0117704884,0.0066039991,0.0086424071,0.0076815723,0.006446545,0.0053574089,0.0069978461,0.0083015244,0.007964408,0.0074656224
2015-10-29,-0.0004498756,0.0014619976,9.28789377213E-05,-0.0002322281,0.0006228201,-0.0010262802,-0.0010409318,0.0002216212,-0.0004980341,-0.0020136051
2015-10-30,-0.0048214818,-0.0112013016,-0.0070127193,-0.0028858678,-0.0033801794,-0.0043500997,-0.0025358032,-0.0025253333,-0.0011525042,-0.0028600162
2015-11-02,0.0118038766,0.0086342199,0.0075071128,0.0083746379,0.007089301,0.0082491487,0.0078276433,0.0085436385,0.0105011184,0.0090213604
2015-11-03,0.0027243528,-0.0019360371,0.0003475714,0.0020937137,0.0022915881,0.0025071297,0.0006873533,0.0025697146,0.0025800001,0.0037767962
2015-11-04,-0.0035516667,-0.0030863788,-0.0048392601,-0.005930339,-0.0076279975,-0.0069275312,-0.0071045142,-0.004826,-0.0058820173,-0.0066199889
2015-11-05,-0.0011327898,0.0032897405,-0.0026031137,-0.0057369182,-0.004077008,-0.0053306315,-0.0053903796,-0.0035721026,-0.0029961579,-0.0047129085
2015-11-06,-0.000347682,-0.0023216289,-0.0064320806,-0.0068307323,-0.0061802994,-0.0075008534,-0.0035908092,-0.0018456932,-0.0026446003,-0.0023135198
2015-11-09,-0.0098712906,-0.0066885743,-0.0129657555,-0.0130814118,-0.0117682479,-0.010211017,-0.0095741991,-0.0084470697,-0.0084082056,-0.0069210352
2015-11-10,0.0015094554,0.0050232261,0.0024819598,0.0017276304,0.0021694265,0.0025379043,0.0018623546,0.0043619145,0.0040174238,0.0020068819
2015-11-11,-0.0032333075,0.0004214384,-0.004853325,-0.005156423,-0.0035172869,-0.0049090534,-0.0057730787,-0.0047444683,-0.0035880078,-0.0047955168
2015-11-12,-0.0140891632,-0.0128214192,-0.0163891893,-0.0149721885,-0.0158006568,-0.0161436796,-0.017067235,-0.0153547907,-0.0165770613,-0.0160049684
2015-11-13,-0.0112706406,-0.0058928858,-0.0123011786,-0.0042514624,-0.0065000672,-0.0130927712,-0.0091421399,-0.0054177828,-0.0093037523,-0.0074487021
2015-11-16,0.0147933026,0.0141223175,0.0148567706,0.01321851,0.0142620374,0.0144144623,0.0126274042,0.0140535068,0.0144063551,0.0122919921
2015-11-17,-0.001340277,0.0002993438,-0.0038316306,-0.0023733703,-0.0017363578,-0.0021880269,-0.0037918258,-0.0011365917,-0.0010661073,-0.0009234343
2015-11-18,0.01603323,0.0157395788,0.0121661527,0.01321851,0.0165464953,0.0181386713,0.0159740783,0.0161495116,0.0145060476,0.016662525
2015-11-19,-0.0011237404,0.0028835759,-0.0021058265,-0.000316632,-0.0009945743,-0.0010053664,-0.0031941328,-0.000265222,-0.0003509503,-0.0024985038
2015-11-20,0.0038029555,0.0049985759,0.000872707,0.0010282118,0.0003420711,0.0009824242,0.0011635758,0.0015186649,0.002138149,0.0024619102
2015-11-23,-0.0012356238,0.0022496618,-0.0005624257,0.0013423078,0.0016732682,0.0019830707,0.0021493547,0.0039304923,0.0030363537,0.0019349279
2015-11-24,0.0012212501,-0.0007522479,0.0010383315,0.0034678727,0.0018576682,0.0017719939,0.0030924901,0.0042884257,0.0034198146,0.0049562836
2015-11-25,-0.0001291409,0.0004831832,-0.0022669807,-0.0017826045,-0.0030398779,-0.0040188991,-0.0020142943,-0.0008309484,0.0005760975,-0.0005087899
2015-11-27,0.0005934414,0.001930574,-0.0006869808,7.71265476942E-05,1.23232603073E-05,-0.0002165288,-0.0003958903,0.0007187799,0.0003050808,0.0008948473
2015-11-30,-0.0046518,-0.0030124914,-0.0046698228,-0.0033450304,-0.0033977814,-0.0040525794,-0.0043878369,-0.0034887623,-0.0039232522,-0.0038910164
2015-12-01,0.0106239391,0.010243495,0.0125109078,0.0121331336,0.0105976528,0.0116773713,0.0104405694,0.0110024791,0.0105425399,0.0093418248
2015-12-02,-0.0110565926,-0.0024950393,-0.0048602261,-0.0063463533,-0.0075519476,-0.0114978664,-0.0109531488,-0.0111142248,-0.011361639,-0.0110939732
2015-12-03,-0.0144778266,-0.0106689688,-0.0113996547,-0.0151043395,-0.013235664,-0.0126488283,-0.0117906108,-0.0121552441,-0.014285272,-0.0111775296
2015-12-04,0.0203178563,0.0240472946,0.012715417,0.01321851,0.01844896,0.0136054717,0.0137283467,0.0205354374,0.0172737259,0.0187645033
2015-12-07,-0.0070140439,-0.0021781996,-0.0083225742,-0.0086991014,-0.0096448697,-0.0089931116,-0.0103891157,-0.010393329,-0.0062287431,-0.0094617
2015-12-08,-0.0065110524,-0.0040427763,-0.0084587969,-0.0065422701,-0.0062740631,-0.0055387188,-0.0051835645,-0.0042449478,-0.0043844879,-0.0034138141
2015-12-09,-0.0077690865,-0.007040171,-0.0030277595,-0.0045044599,-0.0037620813,-0.0065088049,-0.0064414516,-0.0039203428,-0.0029961579,-0.0044475822
2015-12-10,0.0022488564,0.003345795,0.0012199208,-0.0014718398,0.0017633196,0.0018008854,0.0015392564,0.0030444022,0.0014537647,0.0029733898
2015-12-11,-0.0196138676,-0.0129252877,-0.0209613424,-0.0180132464,-0.0187930334,-0.0172250457,-0.0213244148,-0.0183909573,-0.0192879271,-0.0172761716
2015-12-14,0.0047442879,0.0071912296,0.0007916465,0.0043724524,0.0019191131,0.0012180693,4.59067523479E-05,0.0011474472,0.0022906866,0.0003430312
2015-12-15,0.0105625802,0.0180900767,0.0139446724,0.0132185118,0.0140181184,0.0152384369,0.0146183483,0.0170530844,0.015558349,0.0145768346
2015-12-16,0.0144106356,0.0141693084,0.0161836967,0.01321851,0.0099205598,0.0150386039,0.012967173,0.0138730872,0.011775868,0.0131359324
2015-12-17,-0.0151547763,-0.0141650606,-0.0207768586,-0.0157910101,-0.0179281775,-0.017330613,-0.0172273666,-0.0177827477,-0.0208898261,-0.0168569982
2015-12-18,-0.0179574951,-0.0185682606,-0.018023489,-0.0143564688,-0.0185685176,-0.0189605951,-0.0186488256,-0.0149142528,-0.0163031537,-0.0167723745
2015-12-21,0.0077483064,0.0076754559,0.0056971451,0.0131851053,0.0066865208,0.0066361092,0.0059893541,0.0075951498,0.0088917147,0.0081923325
2015-12-22,0.0087780959,0.010024515,0.0088192774,0.01321851,0.009721945,0.0089480728,0.0086969994,0.0109528024,0.0106346887,0.0130823897
2015-12-23,0.0123415964,0.0082403943,0.0144460145,0.01321851,0.0145531595,0.0160607044,0.0139467306,0.0160776805,0.0146154258,0.0159160197
2015-12-24,-0.0015999155,0.0004682653,-0.0012544375,0.0005097985,-0.0003161747,-0.0009426959,-0.001226265,-0.0004205443,0.000509033,-0.0006472552
2015-12-28,-0.0021809363,0.003649909,-0.0048531424,-0.0051668873,-0.0033483598,-0.0048784036,-0.0037655849,-0.0027587451,-0.0059035178,-0.0038839532
2015-12-29,0.010573664,0.011235483,0.0129232761,0.0106717004,0.0101103671,0.0093761347,0.0089998506,0.0099750552,0.0088716727,0.0090978891
2015-12-30,-0.0072433988,-0.0046907235,-0.009400947,-0.007442764,-0.0072173346,-0.0065948963,-0.0073665585,-0.0067469385,-0.005528627,-0.0069732657
2015-12-31,-0.009456485,-0.0103174504,-0.0114562493,-0.0088695521,-0.0085947141,-0.0095580034,-0.0093596429,-0.0073753446,-0.0107960142,-0.0092381528
