Date,^GSPC,^^GSPC,0,5,10,15,20,25,30,35,40
2014-01-03,-0.0003330203,-0.0003330203,0.0009266378,0.0022705432,-0.0005022658,0.0005149506,-0.0006905997,-0.0003099063,0.0018374056,0.0035811607,0.0004935856
2014-01-06,-0.0025149269,-0.0025149269,-0.002447187,-0.0010406608,-0.0005022658,-0.0048802439,-0.0006906013,-0.0003099041,-0.0009860172,-0.0069050547,-0.0043044053
2014-01-07,0.0060633452,0.0060633452,0.0025184921,0.0037458171,-0.0005022649,0.0053409468,0.0051760715,0.0031571598,0.0059243022,0.0047179284,0.0038346346
2014-01-08,-0.0002122317,-0.0002122317,-0.0025365716,-0.000604589,-0.0005022658,0.0008530309,0.0024568501,0.0018532239,0.0026027965,0.00181292,0.0005771439
2014-01-09,0.0003482487,0.0003482487,0.0060958266,0.0045279223,0.0038817597,0.0027920771,0.0016901717,-4.89648955408E-05,0.0043159071,0.0039777327,0.0029202346
2014-01-10,0.0023040304,0.0023040304,6.95169437677E-05,0.0021519184,0.001901157,0.004452873,0.0035736719,0.001139716,0.0082323458,0.0059230654,0.0044675674
2014-01-13,-0.0126559665,0.01,0.0049403775,-0.0001742058,-0.0005022658,0.0017994465,-0.0006906013,-0.0003099041,0.0057837875,0.0036791172,0.0078120562
2014-01-14,0.0107598763,0.0107598763,0.0078144614,0.0110627031,0.0099226367,0.009090893,0.0094724726,0.0118174283,0.010639742,0.0112003172,0.0106958533
2014-01-15,0.0051528891,0.0051528891,0.001630557,0.0028248292,-0.0005022658,0.0011459393,-0.0006903752,-0.0003099042,0.002279751,0.000256706,0.0006002891
2014-01-16,-0.0013480284,-0.0013480284,-0.0002643529,0.0026713684,0.0013205446,-0.0016016141,-8.21088324301E-05,0.0016932415,-0.0009860146,-0.0078547467,-0.0034286929
2014-01-17,-0.0039027806,-0.0039027806,-0.0009905642,-0.0005963449,-0.0005022658,-0.0020042192,-0.0006905997,-0.0003099063,-0.0009189218,-0.0029812753,-0.0009095399
2014-01-21,0.0027699124,0.0027699124,0.0001497965,0.0013251225,0.0015803752,0.0024657743,0.0013054619,-0.0003099042,0.0006430565,0.0009543002,0.0025534383
2014-01-22,0.0005746998,0.0005746998,-0.0009586653,0.0013062726,-0.0004542315,0.0021231296,-0.0002144004,-0.0003099042,0.0042597777,0.0029388405,-0.000153196
2014-01-23,-0.0089293245,-0.0089293245,0.0007901292,-0.0059274239,-0.0005022658,-0.0054273233,-0.0003510992,-0.0003099041,-0.0009860146,-0.0030652415,-0.005070297
2014-01-24,-0.0210964215,0.01,0.0099198483,0.0030905197,-0.0005022658,0.0112182656,-0.0006906013,-0.0003099042,-0.0009860172,0.0088842958,0.0078120534
2014-01-27,-0.0048882216,-0.0048882216,0.0011521645,0.0004740409,-0.0005022658,-0.0025079697,-0.0006906013,-0.0003099063,-0.0009860146,-0.0034372807,-0.0038915919
2014-01-28,0.0061218754,0.0061218754,0.0083876522,0.010436587,0.0107100056,0.0089351963,0.0085938275,0.0098647708,0.008710349,0.008476547,0.0089300722
2014-01-29,-0.010261704,0.01,0.0065731667,0.0012511224,-0.0005022658,0.0041123368,-0.0006906014,-0.0003099063,-0.0009860172,-0.0034040548,0.0010228278
2014-01-30,0.0112040442,0.0112040442,0.0079735508,0.011639772,0.0118333204,0.010537494,0.0102672614,0.0148570584,0.0119800493,0.0141848437,0.0142099373
2014-01-31,-0.0064862899,-0.0064862899,-0.0029813857,-0.0008430132,-0.0005022658,-0.0087725855,-0.0006906013,-0.0003099042,-0.0009860146,-0.0013206024,-0.0051815854
2014-02-03,-0.0230966046,0.01,0.0106265675,0.0052076261,-0.0005022621,0.0128145516,-0.0006906014,-0.0003099063,0.0034183702,0.0113597214,0.0078120548
2014-02-04,0.0076120434,0.0076120434,0.0024593922,0.0070339721,0.0062312251,0.0062383115,0.0039776801,0.0083694924,0.0119800474,0.006788048,0.0047300216
2014-02-05,-0.0020302821,-0.0020302821,0.0035375722,0.0011239988,-0.000502264,0.0015707873,-0.0006374317,-0.0003099063,-0.0009860172,0.0001506507,0.0001355652
2014-02-06,0.0123630544,0.0123630544,0.0035310232,0.0047090314,-0.000161982,0.0080000507,0.0078294016,0.0145660406,0.0058836532,0.0050909268,0.0066657374
2014-02-07,0.0132141936,0.0132141936,0.0176286716,0.0185857154,0.0158752911,0.0162995867,0.0151826963,0.0146067217,0.0119800474,0.0169181954,0.0150884371
2014-02-10,0.0015680046,0.0015680046,0.0034793939,0.0039731041,0.0047409167,0.0067491904,0.0052311164,0.0035830613,0.0018155624,0.0032170303,0.0026934869
2014-02-11,0.0110013758,0.0110013758,0.013643329,0.0134337293,0.0141951526,0.0122122206,0.0133449621,0.0091620786,0.0083330981,0.0123756779,0.0110149169
2014-02-12,-0.0002692985,-0.0002692985,-0.0026921295,-0.0008943751,-0.0005022658,-0.0017064307,-0.0006906013,-0.0003099042,0.0022333879,0.0016711857,0.0006217491
2014-02-13,0.0057932118,0.0057932118,0.0056539504,0.005883886,0.0042046774,0.0043649226,0.0040996969,0.0048315306,0.0078931898,0.0047536194,0.0039419327
2014-02-14,0.0047976895,0.0047976895,0.0062729986,0.0066957599,0.0016117247,0.0047606174,0.0024948837,0.0035532021,0.0048304298,0.0010693092,0.0024918099
2014-02-18,0.0011578035,0.0011578035,-0.003822393,0.0003644638,0.0007043117,0.0015382292,0.0014797007,-7.06735445419E-05,0.0032700351,0.0037588533,0.0008741925
2014-02-19,-0.0065458619,-0.0065458619,-0.003822393,8.34879465401E-05,-0.0005022658,-0.0037601069,-0.0006906013,-0.0003099042,-0.0009860146,-0.0029909797,-0.005027377
2014-02-20,0.0060133417,0.0060133417,0.0036342985,0.0079953531,0.0068729888,0.0070088971,0.0062131779,0.0082079116,0.0090965219,0.0076478971,0.0095667709
2014-02-21,-0.0019205665,-0.0019205665,0.0005364341,0.0017743125,-0.000502264,-0.0011359584,-2.61057284661E-05,-0.0001679987,-2.19802604988E-05,-0.0001063645,-0.0004252149
2014-02-24,0.0061674554,0.0061674554,0.0006868357,0.006792929,0.0042050485,0.0046618944,0.0045834598,0.0052810656,0.0079210773,0.0061932504,0.0060018189
2014-02-25,-0.0013485906,-0.0013485906,-0.0002329971,0.0002768347,-0.0005022658,0.0009657191,-0.0006906013,-0.0003099042,0.0004225466,-0.0011085365,-0.0032905424
2014-02-26,2.16997082534E-05,2.16997082534E-05,-0.0027784863,-0.0016360688,-0.0005022658,-0.0004407037,-0.0006906013,-0.0003099042,1.41678610817E-05,0.00155917,-0.0004100651
2014-02-27,0.0049358815,0.0049358815,0.0034100458,0.005565613,0.0017770664,0.0030204244,0.0027967659,0.0023676855,0.0027437499,0.0045106374,0.0061781774
2014-02-28,0.0027788242,0.0027788242,0.0117023196,0.0088031078,0.0059005399,0.0078201769,0.0024152417,0.0033018824,0.0007063851,0.0017234366,0.004721567
2014-03-03,-0.0074058664,-0.0074058664,-0.0032952279,-0.00101298,-0.0005022658,-0.0049373414,-0.0006905997,-0.0003099042,-0.0009860146,-0.0036092717,-0.0052847452
2014-03-04,0.0151523228,0.0151523228,0.0134505378,0.0162817426,0.0141318571,0.0143300965,0.0140576679,0.0135445669,0.0119800493,0.0142504815,0.0150178457
2014-03-05,-5.33524369706E-05,-5.33524369706E-05,0.0003486227,0.0023074569,0.0001853913,0.0014095558,-0.0004463466,-0.0003099041,-0.0008832234,-0.001197787,-0.0028439509
2014-03-06,0.0017169331,0.0017169331,0.0041942084,0.0035745068,-0.000502264,-0.000266945,0.0011247715,0.0004276592,0.0028720775,-0.0093366466,-0.0015393365
2014-03-07,0.0005379447,0.0005379447,0.0014521687,0.0007807696,-0.0005022658,0.0005260929,-0.0006906029,-0.0003099042,-0.0009860172,-0.0007261727,-0.0002930043
2014-03-10,-0.0004633536,-0.0004633536,0.0013800242,0.0003285008,-0.000502264,-0.0001233201,-0.0006906013,-0.000309902,-0.0009153995,-0.0020918231,-0.0004596394
2014-03-11,-0.0050950969,-0.0050950969,0.0006654162,0.0006059436,-0.0005022658,-0.0011802316,-0.0006906013,-0.0003099042,-0.0009860146,-0.0040130187,-0.0032837437
2014-03-12,0.0003051242,0.0003051242,-0.0018590712,-0.0020536496,-0.0005022658,-0.0013135057,-0.0006906013,-0.0003099042,-0.0005882906,-0.0013115723,-0.0006778846
2014-03-13,-0.0117700915,0.01,0.0002817239,-0.0016898829,-0.000502264,-0.0030431002,-0.0006906012,-0.0003099063,-0.0009860146,0.0037817117,0.0049139531
2014-03-14,-0.0028257665,-0.0028257665,0.0011421058,-0.0007156837,0.0006738086,0.0025364216,-0.0004046025,0.0030767273,0.0012734155,0.0008902978,0.0019207536
2014-03-17,0.0095677176,0.0095677176,0.0105806394,0.0115732048,0.0084481174,0.0101546943,0.0091692787,0.0076715834,0.0117742848,0.0078732474,0.008766721
2014-03-18,0.0071936823,0.0071936823,0.0036385951,0.0046294229,0.0041030259,0.00362706,0.0037322808,0.0045309868,0.0045528831,0.0065441299,0.007562275
2014-03-19,-0.0061505248,-0.0061505248,-0.0007086704,-9.30046662688E-05,-0.0005022649,-0.0063386783,-0.0006906014,0.000618902,-0.0009860159,-0.0082750376,-0.0069231801
2014-03-20,0.006022334,0.006022334,0.0021901729,0.0035051927,0.002270146,0.0021674428,0.0011841472,0.000387583,0.0023439121,0.0020402595,0.0040988172
2014-03-21,-0.00293698,-0.00293698,0.002999801,0.0039045634,-0.000502264,0.0021552937,-0.0006906014,-0.0003099042,-0.0009860146,-0.0004570168,-0.0014880197
2014-03-24,-0.0048765814,-0.0048765814,-0.0034548063,0.0009436766,-0.0005022658,-0.005833026,-0.0006906012,-0.000309902,-0.0009860146,-0.0027362294,-0.0051289126
2014-03-25,0.004394271,0.004394271,0.0036403944,0.003927255,0.0003688519,0.0030177627,-0.0001381665,-0.0003099042,0.0015638822,0.0005735252,0.0014820038
2014-03-26,-0.0070249367,-0.0070249367,-0.0022200015,-0.0026243366,-0.0005022658,0.0005459897,-0.0006906013,-0.0003099063,-0.0009860146,-0.000018362,0.0078120548
2014-03-27,-0.0019018916,-0.0019018916,1.79994385689E-05,0.000729667,0.003667454,-0.000943644,-0.0006906014,-0.0003099042,-0.0009860146,-0.0012247898,-0.0015344592
2014-03-28,0.0046294892,0.0046294892,0.0026857762,0.0041539394,-0.000502264,0.0027423128,-0.0006906013,-0.0003099042,0.0021340756,0.0022858605,0.0029714792
2014-03-31,0.0078928715,0.0078928715,0.0119041419,0.0117362319,0.0137166046,0.0112080909,0.0132919438,0.0118069472,0.0106458906,0.0090731075,0.0118328817
2014-04-01,0.0070146882,0.0070146882,-0.0002876068,0.0037593218,0.0018005564,0.0027119983,0.0003098618,0.0050300849,0.0066584204,0.0037902892,0.0010532155
2014-04-02,0.0028492634,0.0028492634,0.0012904566,0.0041033728,0.0017372651,0.0023888815,2.03846138902E-05,-0.0003099063,0.0026150891,0.0035016201,0.0017912225
2014-04-03,-0.0011270847,-0.0011270847,0.0012161934,0.0007505622,-0.000502264,-0.0015473515,-0.0006906013,-0.0003099042,-0.0009860146,-0.0029820018,0.0028169467
2014-04-04,-0.0126165431,0.01,-0.0029144783,-9.08249057829E-05,-0.0005022658,-0.0042925924,-0.0006906014,-0.0003099041,0.008423809,0.0017501749,0.0078120548
2014-04-07,-0.0108083125,0.01,-0.0014988808,-0.0023443024,-0.0005022658,-0.0032517258,-0.0006906013,-0.0003099042,0.0083619021,0.0003555361,0.0013336674
2014-04-08,0.003743538,0.003743538,0.0044929236,0.0053631011,0.0084771058,0.0089970641,0.0056410898,0.0076661585,0.0093087628,0.0001379997,0.0057921978
2014-04-09,0.0108590395,0.0108590395,0.0065095136,0.0090512801,0.0086717559,0.0090557374,0.0094515532,0.008829359,0.0095701963,0.0104985386,0.0099687111
2014-04-10,-0.0211059679,0.01,0.0033232041,0.0023971277,-0.0005022658,0.006395054,-0.0006906012,-0.0003099041,0.0110634398,0.0113952076,0.0078120539
2014-04-11,-0.0095320599,-0.0095320599,-0.0032895864,8.64788889885E-05,-0.000502264,-0.0040814616,-0.0006906013,-0.0003099063,-0.0009860146,0.0029587261,-0.0050610295
2014-04-14,0.0081837082,0.0081837082,0.0056610629,0.008365578,0.007797081,0.0063315649,0.0051914575,0.0047017513,0.005563139,0.0033503398,0.0041689165
2014-04-15,0.0067345795,0.0067345795,0.0060978392,0.0044275657,0.0013643804,0.0025846073,0.0017038088,0.0042640963,0.0073822853,0.0044733668,0.0043527549
2014-04-16,0.0104338684,0.0104338684,0.0117519656,0.0109443171,0.0096380673,0.0087377662,0.0092526823,0.0088355877,0.0102166776,0.0106423376,0.0122714331
2014-04-17,0.0013629237,0.0013629237,-0.0008200582,0.0031434693,-0.000502264,0.0015403703,0.0023431287,0.0018502122,0.0018415828,0.0007244051,0.0018646941
2014-04-21,0.0037680156,0.0037680156,0.0002196,0.0019841155,0.0052733012,0.0031147236,0.0034783953,0.0028663725,0.0018754075,0.0044764793,0.0035617785
2014-04-22,0.0040837889,0.0040837889,0.0013387331,0.0060634892,0.0060542501,0.0056392699,0.0060189995,0.0061659724,0.0094250944,0.0079693645,0.0061722314
2014-04-23,-0.0022157668,-0.0022157668,0.0011720539,0.0005773902,-0.000469968,-0.0006772503,-0.0006906013,-0.0003099063,-0.0009860172,0.0020078942,0.0014104568
2014-04-24,0.0017154879,0.0017154879,0.0062598176,0.0055713826,0.0054353238,0.0029206509,0.0025800846,0.0027609109,0.0005977418,0.0029490795,0.0022764551
2014-04-25,-0.0081293448,-0.0081293448,-0.001075513,-0.000639766,-0.0005022658,-0.0062684156,-0.0006906014,-0.000309902,-0.0009860172,-0.0072225276,0.0078120539
2014-04-28,0.0032308115,0.0032308115,0.0103621632,0.0068393373,0.0051578833,0.0025963066,0.0047096903,0.0020037314,-0.0009860159,0.0030918885,0.0036489065
2014-04-29,0.0047494603,0.0047494603,0.0032395723,0.0076062186,0.0045406772,0.0058677085,0.0034180181,0.00685851,0.0106959902,0.0052634161,0.0056997361
2014-04-30,0.0029875497,0.0029875497,0.001796054,0.0021114033,0.0025373173,0.0050969208,0.0030348769,0.0004162853,0.0036133095,0.0017055087,0.0028615324
2014-05-01,-0.0001432715,-0.0001432715,-0.0008374746,0.0004480062,-0.0005022658,0.0009074155,-0.0006906013,0.0005486942,-0.0001205163,0.0009829681,0.0006523412
2014-05-02,-0.001349355,-0.001349355,-0.003822393,-0.0015627071,-0.0005022658,-0.0037617981,-0.0005261698,-0.0003099042,0.0039606341,-0.0027979445,-0.0033200318
2014-05-05,0.0018694673,0.0018694673,0.0025919655,0.0024636991,0.0017940574,0.0024078162,-0.0002323577,0.0003805549,0.0006986314,0.0023972429,0.0029118299
2014-05-06,-0.0090290312,-0.0090290312,-0.0036146347,0.0020336949,-0.0005022658,-0.0026017297,-0.0006906014,-0.0003099041,-0.0009860172,-0.0048909206,-0.0051433956
2014-05-07,0.0056007547,0.0056007547,0.0123308888,0.011361653,0.0004712935,0.006851932,0.0050152657,0.0063348501,0.0039904448,0.0064885383,0.0054307566
2014-05-08,-0.0013745692,-0.0013745692,-0.0033721807,-0.003789383,-0.0005022658,-0.0037519317,-0.0006906013,-0.0003099063,-0.0009860172,-0.0031501297,-0.0043815346
2014-05-09,0.0015183229,0.0015183229,0.0042603482,0.0070712185,0.0045302245,0.0039917687,0.0015676294,0.0012381512,0.0024212128,0.002911862,0.003125906
2014-05-12,0.0096262562,0.0096262562,0.0011650582,0.0066418853,0.005831013,0.0051352484,0.0055465093,0.0057554082,0.0119800474,0.0106840329,0.0090062311
2014-05-13,0.0004216689,0.0004216689,0.0010214823,0.0019123098,-0.0005022658,-0.0002332274,-0.0004408824,-0.0003099042,-0.0009860172,-0.0011486374,-0.0004194612
2014-05-14,-0.0047120896,-0.0047120896,-0.0028146831,-0.0024924595,-0.0005022658,-0.0015626214,-0.0006906013,-0.0003099042,-0.0009860172,-0.004438132,-0.0045401482
2014-05-15,-0.0094059038,-0.0094059038,-0.003822393,-0.0004594503,-0.0005022658,-4.57521528006E-05,-0.0006906012,-0.000309902,-0.0009860146,-0.0003641434,-0.005107332
2014-05-16,0.0037399624,0.0037399624,0.0042905128,0.0048602046,0.0026395337,0.0063367747,0.0048659113,0.0038174503,0.0010368449,0.0037490819,0.0019056057
2014-05-19,0.0038374143,0.0038374143,0.0010335019,0.0039909249,0.0051868116,0.0056320364,0.0028350712,0.0026355684,0.0043273997,0.0032035876,0.0041447021
2014-05-20,-0.0065196046,-0.0065196046,-0.0029404801,-0.0021894504,-0.0005022658,-0.0044820625,-0.0006906013,-0.000309902,-0.0009860172,-0.0006904602,-0.0052316636
2014-05-21,0.0080833404,0.0080833404,0.0050223637,0.0083399042,0.0077289296,0.0070164585,0.0049272678,0.0066642929,0.0092155673,0.007052863,0.007233005
2014-05-22,0.0023594442,0.0023594442,-0.0001304357,0.0019619451,0.0005439396,0.0025910363,-0.0005484545,0.003546169,0.0019255679,0.0021770354,0.0022445167
2014-05-23,0.0042393929,0.0042393929,0.0013521586,0.0037137528,0.0019263518,0.0047388123,0.0018173491,0.002672499,0.0076106121,0.0048024654,0.0039987476
2014-05-27,0.0059699503,0.0059699503,0.0043594111,0.0061837379,0.0069797863,0.0045112995,0.0040475279,0.0054664649,0.0048616761,0.0029281396,0.0041271811
2014-05-28,-0.0011146928,-0.0011146928,-0.000220377,0.00177776,-0.000502264,-0.0005096346,0.0003240278,-0.0003099041,0.0033257259,-0.000663653,-3.4318305552E-05
2014-05-29,0.0053527587,0.0053527587,0.0048157014,0.0069994191,0.0071045188,0.0065008858,0.0081865024,0.0070033674,0.0053322776,0.0056260284,0.0063585239
2014-05-30,0.0018419804,0.0018419804,0.0078661125,0.0054648756,0.0021487426,0.0038589127,0.0027983135,0.0004977331,9.60075994954E-05,-0.0012502596,0.0014834288
2014-06-02,0.0007275617,0.0007275617,0.0006064626,0.002494175,0.0002580793,0.0001141019,-0.0006033693,-0.0003099042,0.0013890951,0.0010335781,-0.0015447214
2014-06-03,-0.0003792887,-0.0003792887,-0.00377435,-0.0019048466,-0.000502264,-0.0014962684,-0.0006905997,-0.0003099042,-0.0009860159,-0.0013405383,0.0003166269
2014-06-04,0.0018898768,0.0018898768,0.0050150156,0.0062059173,0.0050569125,0.0055698939,0.004318112,0.0051301303,0.0034151268,0.0044806451,0.0051159803
2014-06-05,0.0065040821,0.0065040821,0.0038208559,0.00495796,0.000705449,0.003082375,0.000642704,0.0037383004,0.0046262401,0.0045762835,0.0047384491
2014-06-06,0.0046170833,0.0046170833,0.0031226005,0.0039094761,0.0019158015,0.0034247339,-0.000059898,0.0013103995,0.0030652937,0.0033534169,0.0029895548
2014-06-09,0.0009383313,0.0009383313,0.0027683049,0.0020494901,0.0023605113,0.0004642848,-0.0006906013,-0.0003099042,-0.0009306126,0.0012363605,0.0022722944
2014-06-10,-0.0002460142,-0.0002460142,0.0026035623,0.0019891364,0.0004571498,0.00198045,-0.0003321077,-0.0003099063,-0.0009860172,0.0001188181,0.0004171878
2014-06-11,-0.0035433109,-0.0035433109,-0.0026379279,0.0010037301,-0.0005022658,-0.0003515482,-2.45159026235E-05,-0.0003099041,-0.0009860172,-0.0019197743,-0.000968311
2014-06-12,-0.0071141395,-0.0071141395,-0.003822393,-2.7606729418E-05,-0.000502264,-0.0042988788,-0.0006906013,-0.0003099041,-0.0009860159,-0.0056954958,-0.0052562952
2014-06-13,0.0031296593,0.0031296593,0.0019969291,0.0042265141,0.0017589286,0.0043872809,0.0029025429,0.002729716,0.0024598702,0.0025480408,0.0026712338
2014-06-16,0.0008363553,0.0008363553,2.46718991548E-05,0.0014905795,-0.0005022658,0.0059007201,0.0045385696,0.0063320044,0.001804736,0.0024800915,0.0019355495
2014-06-17,0.0021702125,0.0021702125,0.0044101486,0.0055713253,0.0051245,0.0054178936,0.0021057792,0.00154111,0.0040147002,0.0019757655,0.0018141768
2014-06-18,0.007689243,0.007689243,0.0097764814,0.0117672216,0.0080649089,0.0089409016,0.0098702591,0.0061972663,0.0078747831,0.0078881383,0.0070545273
2014-06-19,0.0012766633,0.0012766633,0.0043366775,0.0046390947,0.0024648537,0.0034888815,0.0032105958,0.0011244433,-0.0009860172,-0.0002675634,0.0018748268
2014-06-20,0.0017285637,0.0017285637,-0.000888705,0.0023903504,-0.0005022658,-0.0003716014,-0.0006905997,-0.0003099042,0.0021330623,0.0034998488,0.0025070109
2014-06-23,-0.000132473,-0.000132473,-0.0025296193,0.0001669992,-0.000502264,-0.0009256266,-0.0006905997,-0.000309902,-0.0009860172,-0.0026134737,-0.0033006221
2014-06-24,-0.0064561066,-0.0064561066,-0.0021213789,-0.0026451638,-0.000502264,-0.0004610661,-0.0004205697,0.0032985378,-0.0009860159,0.0022585858,-0.0056606401
2014-06-25,0.0048855575,0.0048855575,0.0020816813,0.0050534676,0.001340495,0.004148148,0.0024027741,0.003105992,0.010211695,0.0054721767,0.0051462753
2014-06-26,-0.0011795791,-0.0011795791,-0.0022092606,-0.0004055556,-0.000502264,-0.0013344623,-0.0006906013,-0.0003099042,-0.0009860146,-0.0006272681,-0.0018540584
2014-06-27,0.0019090451,0.0019090451,0.0062158983,0.0068473648,0.0039013985,0.0056137471,0.003152675,0.0043546222,0.0022135244,0.0039672796,0.0029357611
2014-06-30,-0.0003723263,-0.0003723263,-0.000682133,0.0023210857,0.0024650265,0.0028257193,0.0025057085,0.0007517725,-0.0009860172,0.0023354925,0.0014468092
2014-07-01,0.006655573,0.006655573,0.0055089695,0.0073440517,0.0062092044,0.0053054541,0.0054041254,0.0060056285,0.0065803099,0.0053804414,0.0065705935
2014-07-02,0.0006585962,0.0006585962,0.0038422642,-0.0008383454,-0.0005022658,-0.0007488076,-0.000678565,-0.0003099042,-0.0009860172,-0.0024622325,-0.0018394338
2014-07-03,0.0054645501,0.0054645501,0.006128923,0.0050500641,0.0042548319,0.0045558279,0.0030709978,0.0010705721,0.0031987717,0.0039884076,0.0036338312
2014-07-07,-0.0039312391,-0.0039312391,0.000208867,-0.0017405581,-0.0005022658,-0.0033531412,-0.0006906013,-0.0003099042,-0.0009860172,0.0002314933,-0.0050728498
2014-07-08,-0.0070737619,-0.0070737619,0.0012065878,-0.0009541134,-0.000502264,-0.0035638921,-0.0006906013,-0.000309902,-0.0009860146,-0.0071764495,-0.0047716647
2014-07-09,0.0046335165,0.0046335165,0.0004402755,0.0032409688,0.0007107653,0.0033185882,0.000282901,0.0025837244,0.0051554446,0.0041071828,0.0033503887
2014-07-10,-0.0041396281,-0.0041396281,-0.000215817,0.000319181,-0.000502264,-0.0016495194,-0.0006906013,-0.000309902,-0.0009860146,-0.0016100165,-0.0029615471
2014-07-11,0.0014698417,0.0014698417,0.0030384951,0.0027934399,-0.000502264,-0.00126707,-0.0006906013,-0.0003099042,-0.0009860146,-0.0019437596,0.0002356488
2014-07-14,0.0048318611,0.0048318611,0.0038942664,0.0055635064,0.0055363346,0.0052870391,0.0036257538,0.0014471135,-0.0004739165,0.0060619218,0.0060338392
2014-07-15,-0.0019339649,-0.0019339649,-0.0013113099,-0.0012597749,-0.000502264,-0.0014215987,-0.0006906013,-0.000309902,-0.0009860146,-0.0016740747,-0.0019504903
2014-07-16,0.004192285,0.004192285,0.0024165649,0.0042292667,0.0011681376,0.0037828498,0.0005915572,0.0020570457,0.0021880267,0.0003969036,0.0022685882
2014-07-17,-0.0119046058,0.01,0.0020965722,0.0002994137,-0.0005022658,0.0069546178,-0.0006906013,-0.0003099041,-0.0009860172,0.0079077557,0.0051849233
2014-07-18,0.0102126091,0.0102126091,0.0063712625,0.0069470825,0.0055377372,0.0074782846,0.0062037217,0.0091917133,0.0073268735,0.0093432665,0.0129810739
2014-07-21,-0.0023229465,-0.0023229465,-0.0002956328,0.001249617,-0.0005022658,-0.0003776364,-0.0006906013,-0.000309902,-0.0009409479,-9.12882387638E-05,0.000599415
2014-07-22,0.005003611,0.005003611,0.0007302717,0.0010931715,-0.0005022658,0.0018620705,-0.0006905997,-0.0003099042,0.0019112292,-0.0013718121,0.0017975033
2014-07-23,0.001752901,0.001752901,0.0042623803,0.0056292475,0.0034706087,0.0052875569,0.0067117093,0.0043908982,0.0082846135,0.0054119136,0.0036075898
2014-07-24,0.0004880365,0.0004880365,0.0041053006,0.0038288541,0.0010307049,0.0030809361,-0.0005076123,-0.0003099063,-0.0009860146,-0.0017794743,-0.0007500267
2014-07-25,-0.0048609457,-0.0048609457,-0.0019439079,-7.13123008609E-05,-0.0005022658,-0.0068790838,-0.0006906013,-0.0003099041,-0.0009860172,-0.0048996601,-0.0053132055
2014-07-28,0.0002881132,0.0002881132,-0.0016167425,0.000931554,-0.000502264,-0.0011635628,-0.0006906029,-0.0003099042,-1.78465852514E-05,-0.0047438238,-0.0044729551
2014-07-29,-0.0045380684,-0.0045380684,0.0026899993,0.0065470878,-0.0005022658,-0.000567086,0.0003236375,-0.0003099042,0.0008637666,-0.000617791,-0.0001068525
2014-07-30,6.0910859931E-05,6.0910859931E-05,-0.0025948766,-0.0001083743,-0.0005022658,-0.0035345852,-0.0006906013,-0.0003099041,0.0002621564,-0.000570016,-0.0029194718
2014-07-31,-0.020201932,0.01,0.0097773336,0.0052041984,-0.0005022658,0.0162995886,-0.0006906014,-0.0003099063,0.0027185334,0.0112756053,0.0078120534
2014-08-01,-0.0028632165,-0.0028632165,0.0016740991,0.00257952,-0.0005022658,0.000985655,0.0009688605,-0.000309902,-9.33055998757E-05,0.0009846576,0.0015961346
2014-08-04,0.0071633145,0.0071633145,0.0012117496,0.0042484598,0.0017150484,0.0035201991,0.0033816663,0.0019361665,0.0003264257,0.0041947691,0.0041607423
2014-08-05,-0.009732679,-0.009732679,-0.0018000922,-0.0023348676,-0.000502264,-0.0040235668,-0.0006906013,-0.0003099041,-0.0009860146,-0.0052887555,-0.0050615724
2014-08-06,1.56382717567E-05,1.56382717567E-05,0.0084472839,0.0077746436,0.0066614291,0.0052203638,0.0033504157,0.0015929004,0.0010402494,0.0029828642,0.0037878715
2014-08-07,-0.0055721155,-0.0055721155,-0.0024224531,-0.0018661655,-0.0005022658,-0.0036233701,-0.0006906013,-0.000309902,-0.0009860172,-0.00299697,-0.0052661104
2014-08-08,0.0114654228,0.0114654228,0.0103822537,0.0117978798,0.0073366975,0.0110338368,0.0079325046,0.0080870502,0.0084087141,0.0085063791,0.0096054263
2014-08-11,0.002755625,0.002755625,0.0012792668,0.0051341327,0.0024914278,0.0049275979,0.003138094,0.0029714254,0.0033696592,0.0020384882,0.0033618584
2014-08-12,-0.0016379824,-0.0016379824,0.0015928836,0.0011906596,-0.000502264,-0.0006348938,-0.0006906013,-0.0003099063,-0.0009860146,-0.003794061,-0.0017916858
2014-08-13,0.0066847673,0.0066847673,0.0057091461,0.00629762,0.0061891084,0.0072381794,0.0058528394,0.0053917198,0.0068741147,0.0081441943,0.0077625201
2014-08-14,0.0043363983,0.0043363983,0.0030754071,0.0031777248,0.0025283487,0.0028480757,0.0014498625,0.0018313483,0.0057393364,0.0048489319,0.0036189505
2014-08-15,-6.13747476219E-05,-6.13747476219E-05,0.0003461691,0.0014026081,0.000953555,0.00225701,0.0006968366,0.0001978625,-8.3644175902E-05,0.001291927,0.0007281364
2014-08-18,0.0084954829,0.0084954829,0.0055293255,0.0062633962,0.0047037834,0.0070739258,0.0059515126,0.0058044828,0.0084421728,0.0047691287,0.0065020174
2014-08-19,0.0049881905,0.0049881905,0.0019670341,0.0046144021,0.0016765224,0.0024693552,-0.0006905997,0.0008609129,0.0035351026,0.0008549504,0.002768103
2014-08-20,0.0024747482,0.0024747482,0.0040138885,0.0046395925,0.005865843,0.0056475485,0.0032761018,0.0019202896,0.0052257632,0.0044616805,0.0033453936
2014-08-21,0.0029455471,0.0029455471,0.0032857282,0.0023992504,-0.0005022658,0.0007042037,-0.0005544596,0.0004196629,-0.0009860159,-0.0028322507,8.20215791464E-06
2014-08-22,-0.0019945751,-0.0019945751,-0.0030143026,-0.0024583191,-0.0005022658,-0.0001362935,-0.0002847929,-0.0003099042,0.0019475759,-0.0019326936,-0.0004715305
2014-08-25,0.0047763541,0.0047763541,0.0045932895,0.0058961669,0.0062757931,0.0062077129,0.0050898232,0.0039326833,0.0040962845,0.0075311847,0.0059703607
2014-08-26,0.0010505291,0.0010505291,0.0004022515,0.0008438849,0.0009034034,-0.0026603341,-0.0004175981,-0.0003099041,-0.0004992983,-0.0008788239,-0.0004207138
2014-08-27,4.9985750322E-05,4.9985750322E-05,0.0024400263,0.0018562551,0.0008805178,0.0042797476,0.0004927114,0.001859823,-0.0003249337,0.0012704004,-4.74732369184E-05
2014-08-28,-0.0016913306,-0.0016913306,0.0010948956,0.0029258409,0.0008964956,0.0022998508,-4.77365683764E-05,-0.0003099042,-0.0009860172,0.0004609674,-0.0008967724
2014-08-29,0.0033149144,0.0033149144,0.0031859742,0.0037889625,0.002722512,0.0035629943,0.0028066202,0.0029465975,0.0008949231,0.0034062136,0.0038688709
2014-09-02,-0.0005442143,-0.0005442143,5.43664209545E-05,-0.0010075937,-0.0005022658,-0.0046040248,-0.0006905997,-0.000309902,-0.0003962929,-0.0001925752,-0.0005157199
2014-09-03,-0.0007794445,-0.0007794445,0.0008739822,0.0016182933,0.0013132347,0.0027731163,0.0024040865,-2.12238519453E-05,-0.0009860146,-0.0012686662,-0.0009779623
2014-09-04,-0.0015355996,-0.0015355996,-0.0019543478,-0.0004178523,-0.000502264,-0.0014087651,-0.0006906013,-0.0003099041,-0.0003861655,-0.0035476387,-0.0038731676
2014-09-05,0.0050232479,0.0050232479,0.0045126379,0.0039544092,0.0035643906,0.0053376406,0.003454892,0.0051204436,-0.0009860172,0.0022751484,0.005247761
2014-09-08,-0.0030778459,-0.0030778459,-0.0027893917,-0.0001857243,-0.000502264,-0.0025055353,-0.0006906013,-0.0003099042,-0.0008496232,0.000344364,-0.0022572698
2014-09-09,-0.0065665217,-0.0065665217,-0.003822393,-0.0019369749,-0.0005022658,-0.0023243818,-0.0006906013,-0.0003099042,-0.0009860146,-0.0028294921,-0.0045939432
2014-09-10,0.0036394436,0.0036394436,0.003268251,0.0036835605,0.0034183983,0.0033453228,0.004149816,0.0039930311,0.0035833903,0.003823828,0.0027112272
2014-09-11,0.0008815169,0.0008815169,0.0009085287,0.0020156177,-0.0005022658,0.0022895308,-0.0002426793,0.0006438966,-6.58608041704E-05,-0.000219781,0.0009071259
2014-09-12,-0.0059804054,-0.0059804054,-0.003822393,-0.0013466519,-0.0005022658,-0.0040939562,-0.0006906013,-0.0003099041,-0.0009860146,-0.003590459,-0.0044804346
2014-09-15,-0.0007104037,-0.0007104037,0.0045443969,0.0034888154,-0.000502264,0.0004107188,-0.0006906013,-0.0003099042,-0.0009860146,-0.0045445524,-0.0019700499
2014-09-16,0.007456507,0.007456507,0.0060156528,0.0071230279,0.0084559238,0.0083128456,0.0082425214,0.0073764287,0.005272693,0.0078734029,0.0089066392
2014-09-17,0.0012948052,0.0012948052,0.0001031004,0.000956371,-0.000502264,0.0007976955,0.0005507726,0.0008244881,1.01969344541E-05,0.0015684627,0.0020597237
2014-09-18,0.0048792571,0.0048792571,0.0048899194,0.0052831285,0.0035039934,0.0045005912,0.0035532708,0.0043502548,0.0037561003,0.0020265542,0.0035721925
2014-09-19,-0.0004773835,-0.0004773835,-0.0009762102,-0.0015629143,-0.0005022658,-0.0011843387,-0.0006906013,-0.0003099042,-0.0009860172,-0.0013853237,-0.0021112682
2014-09-22,-0.0080456024,-0.0080456024,-0.0020511954,-0.0013523083,-0.0005022658,-0.0006954465,-0.0006906013,-0.000309902,-0.0009860146,-0.0055601001,-0.0028107073
2014-09-23,-0.0057932498,-0.0057932498,-0.0025298791,-0.0026441384,-0.0005022658,-0.0032382924,-0.0006906013,-0.0003099042,-0.0009860146,-0.0037328284,-0.0046287859
2014-09-24,0.0078019766,0.0078019766,0.0088258376,0.0090467501,0.0086044315,0.0105981268,0.0094545204,0.0075906077,0.0045365947,0.0077992612,0.0108115189
2014-09-25,-0.0163009135,0.01,0.004156149,0.0015569392,-0.0005022658,0.0034872564,-0.0006906014,-0.000309902,-0.0009860146,0.0027771667,0.0078120539
2014-09-26,0.0085392615,0.0085392615,0.0067432737,0.009008741,0.0104493778,0.0100024901,0.0085063726,0.0097266976,0.004772977,0.0066173933,0.008178181
2014-09-29,-0.002550051,-0.002550051,-0.0008900925,-0.0003467696,-0.0005022658,9.84072685242E-05,-0.000669091,-0.0003099042,-0.0009860146,-0.0019896496,-0.0014501549
2014-09-30,-0.0027898167,-0.0027898167,-0.0002085622,0.002071508,-0.000502264,-0.0019156002,-0.0006906013,-0.0003099042,-0.0009860172,-0.0036356002,-0.0052487422
2014-10-01,-0.0133371062,0.01,0.005587182,0.0016150409,-0.0005022658,0.0041438323,-0.0006906012,-0.0003099042,-0.0009860146,0.0074946843,0.0078120553
2014-10-02,5.14344867941E-06,5.14344867941E-06,0.0026688545,0.0036501265,0.002438514,0.002673896,0.0001989579,8.09226185083E-05,0.003227294,0.0022531115,0.0007978571
2014-10-03,0.0111036353,0.0111036353,0.0111262193,0.0092140986,0.0072710202,0.0090320539,0.009198593,0.0071117808,0.0070862449,0.0095574213,0.0130635649
2014-10-06,-0.0015663859,-0.0015663859,0.0004463519,0.0025427453,-0.0005022658,-0.002673978,-0.0006906013,-0.0003099063,-0.0009860146,0.000528466,-0.0042498214
2014-10-07,-0.0152416183,0.01,0.0010349185,0.0026475918,-0.0005022658,0.0085019618,-0.0006906013,-0.000309902,-0.0009860146,0.0070874738,0.0078120548
2014-10-08,0.0173109475,0.0173109475,0.013287521,0.0138396826,0.012164956,0.0140886102,0.0141052213,0.0138012748,0.0119800493,0.0144072222,0.0164546613
2014-10-09,-0.0208778486,0.01,0.0096331099,0.0017083946,-0.0005022621,0.0162995886,-0.0006906013,-0.000309902,0.0123365652,0.0130052399,0.0078120548
2014-10-10,-0.01151708,0.01,0.0012446207,-0.0006686761,-0.0005022658,0.0022174148,-0.0006906014,-0.0003099063,0.0093240719,0.004868296,0.0078120553
2014-10-13,-0.0166050334,0.01,1.56280584633E-05,0.0013437457,-0.0005022658,0.0061215498,-0.0006906013,-0.0003099041,0.0069048475,0.007078304,0.0078120548
2014-10-14,0.0015776197,0.0015776197,0.0058290446,0.0060307523,0.0042294492,0.0034904247,0.0014900384,0.003230101,0.0024655156,0.0062397076,0.0037839748
2014-10-15,-0.0081333008,-0.0081333008,-0.0007342028,-0.0002200957,-0.0005022658,-0.0049562212,-0.0006906013,-0.0003099042,-0.0009860159,-0.0048442893,-0.0083328765
2014-10-16,0.0001449675,0.0001449675,-0.002318454,0.0001192368,0.0004743427,-0.0020421613,-0.0006905997,-0.0003099042,0.002642269,-0.0018813107,-0.0004403656
2014-10-17,0.0128018134,0.0128018134,0.0129477633,0.0108032608,0.0078805061,0.0093238261,0.0099054128,0.0101508144,0.0057615871,0.007656063,0.010431624
2014-10-20,0.0091011161,0.0091011161,0.0058953241,0.0082922243,0.0101614855,0.0116632804,0.0097125918,0.007857102,0.0117418673,0.0101835383,0.0095801763
2014-10-21,0.0193853706,0.0193853706,0.011390822,0.0138882874,0.0160550661,0.0156529509,0.0143642332,0.0200828891,0.0119800493,0.0197908357,0.0190863609
2014-10-22,-0.0073261007,-0.0073261007,-0.0003219449,0.0001830705,-0.0005022658,-0.0041059405,-0.0006906013,-0.0003099063,-0.0009860172,-0.0019631442,-0.0050618555
2014-10-23,0.0122283058,0.0122283058,0.000233982,0.0033936154,0.0042677769,0.0042208014,0.0027435143,0.0051902295,0.0075346692,0.0078298477,0.0059750658
2014-10-24,0.0070286903,0.0070286903,0.0077551296,0.0074148169,0.006303913,0.0078566885,0.0053183013,0.0046957661,0.0048073679,0.005535353,0.0061296234
2014-10-27,-0.0015026968,-0.0015026968,0.0073641902,0.0038219118,0.002084825,0.0024906062,0.0016019086,0.0008922766,-0.0009860146,-0.0016866643,-3.07401642203E-05
2014-10-28,0.0118683646,0.0118683646,0.0076351697,0.0100531317,0.0115141999,0.0105856545,0.0061675473,0.008169055,0.0119800493,0.0081218323,0.0104377242
2014-10-29,-0.001386316,-0.001386316,-0.0033819939,-0.0009383061,-0.0005022658,-0.0079789702,-0.0006906013,-0.000309902,-0.0009860159,-0.0003869478,-0.0020279558
2014-10-30,0.006210797,0.006210797,0.0090670967,0.0069658952,0.003652245,0.0053890655,0.0036598076,0.0050738025,0.0055578705,0.0063748499,0.0052473
2014-10-31,0.0116631145,0.0116631145,0.0059720278,0.0090140151,0.0075896969,0.0096414192,0.008723449,0.0106181344,0.0078736935,0.0093273446,0.0098979427
2014-11-03,-0.0001189288,-0.0001189288,0.0022263976,0.0006200457,-0.0005022658,0.0012544636,0.0003289762,4.89517115057E-05,-0.0009860172,-0.0011776946,0.000579271
2014-11-04,-0.0028338532,-0.0028338532,0.0058616856,0.004741834,0.0026582519,0.0015740078,0.0041926643,-0.0003099042,-0.0009860159,0.0018632598,0.0010038116
2014-11-05,0.0056843107,0.0056843107,0.0064929603,0.0049264184,-0.0005022649,0.0017973967,-0.0006906014,-0.0003099041,-0.0009860172,-0.0019428227,-0.0010692813
2014-11-06,0.0037684038,0.0037684038,0.0025374361,0.0052464469,0.0033569008,0.0032280954,0.0033899969,0.0077420389,0.0079427995,0.0086008981,0.0069991434
2014-11-07,0.0003495251,0.0003495251,0.0017328288,0.004350862,-0.0005022658,-0.0005714577,0.0009192737,-0.0003099042,-0.0009860172,-0.001664754,-0.0021952949
2014-11-10,0.0031153271,0.0031153271,0.0064122537,0.0058412743,0.0064311074,0.0042305402,0.0028752168,0.0003992362,-0.0002284533,0.0053329207,0.0035057524
2014-11-11,0.0006964517,0.0006964517,-0.0017307783,0.0014847363,-0.000502264,-0.0001942888,-0.0005563276,-0.0003099042,-0.0009860172,-0.0034908149,-0.0028177062
2014-11-12,-0.0007013627,-0.0007013627,9.13303811103E-05,0.0011360617,-0.0005022658,-0.0019193701,-0.0005571872,-0.0003099063,-0.0005577655,-0.0001543108,-0.0008148942
2014-11-13,0.0005297044,0.0005297044,0.00001747,0.0012621232,-0.0005022658,-0.0034912433,-0.0006906013,-0.000309902,-0.0009860172,-0.0042893738,-0.0013647377
2014-11-14,0.0002402412,0.0002402412,-0.0030382338,-0.0002743695,-0.000502264,-0.0009514466,-0.0006292284,-0.0003099042,-0.0003380649,-0.0028878413,-0.002035372
2014-11-17,0.0007350888,0.0007350888,0.0032331089,0.0036002914,0.0026030801,0.0005630013,-0.0006906013,-0.0003099042,-0.0009860146,-0.0019871816,-0.0009180522
2014-11-18,0.0051208496,0.0051208496,0.0004773091,0.0006520515,-0.0005022658,0.0028011305,0.0013861749,0.004411174,0.006651463,0.0031474736,0.0047846129
2014-11-19,-0.0015022868,-0.0015022868,0.000619849,-0.0011557397,-0.0005022658,-0.0011302531,-0.0006906013,-0.0003099042,-0.0009860159,-0.0005143844,0.0010025245
2014-11-20,0.0019651639,0.0019651639,0.0004057649,0.0023630946,0.002431558,0.0042886697,-0.0005191779,0.0017545263,0.004070614,0.0028709807,0.0030428763
2014-11-21,0.0052232126,0.0052232126,0.0032427839,0.0054264553,0.0009337107,0.004631253,0.0048302924,0.0036927573,0.0037331837,0.0031355508,0.0028041988
2014-11-24,0.0028599298,0.0028599298,0.0023978718,0.0029966827,0.0036202914,0.0035904273,0.0004495912,0.0002634492,0.0034476505,0.0053546466,0.0035307603
2014-11-25,-0.0011506916,-0.0011506916,0.0024034625,0.0016727995,0.001283251,0.0001393072,-0.0001885614,-0.0003099063,-0.0009860172,-0.0005662497,0.000284988
2014-11-26,0.0028020526,0.0028020526,0.0042834412,0.0024160151,0.0001404277,0.0022875471,0.0031936171,0.000392277,-0.0009860172,0.0031198058,0.0038155359
2014-11-28,-0.0025456644,-0.0025456644,0.00467995,-0.0010157218,-0.0005022658,-0.0054624379,0.0021888744,-0.0003099042,-0.0009860172,-0.0011161398,-0.0027310606
2014-12-01,-0.0068527897,-0.0068527897,-0.0008818391,-0.0017673098,-0.0005022658,-0.005879866,-0.0006906013,-0.0003099042,-0.0009860146,-0.0009943098,-0.000131798
2014-12-02,0.006364167,0.006364167,0.0056830123,0.0045426534,0.0043999376,0.0050385948,0.0087694507,0.0079730907,0.009270886,0.0021075122,0.0073416349
2014-12-03,0.0037576737,0.0037576737,0.001269175,0.0028528373,0.0024149776,0.0002027936,0.000111931,0.0013729644,0.003570199,0.0030286592,0.0026501981
2014-12-04,-0.0011625716,-0.0011625716,0.0035102421,0.0006498238,-0.0003084893,-0.0007414296,-0.000378975,0.000337683,-0.0009860172,0.0019542389,0.0012137243
2014-12-05,0.0016638314,0.0016638314,0.0012189767,0.0031960786,0.0008630818,0.0007687639,0.0001973642,-0.0003099042,0.0013162114,0.0017017219,0.0004379493
2014-12-08,-0.0072830219,-0.0072830219,0.0038701992,-0.0013213172,-0.0005022658,-0.0049300566,-0.0006906013,-0.0003099041,-0.0009860172,-0.0055994615,0.0078120539
2014-12-09,-0.0002378522,-0.0002378522,-0.003822393,-0.0014056461,-0.0005022658,0.000943196,-0.0006906029,0.0015090008,0.0057858825,0.0013341643,-6.71688467264E-05
2014-12-10,-0.0164861208,0.01,-0.0006201158,0.0012544631,-0.0005022658,0.0099655371,-0.0006906014,-0.0003099042,-0.0009860146,0.0044529559,0.0078120553
2014-12-11,0.0045254338,0.0045254338,0.0033894267,0.0009767888,0.0008879719,0.002470199,-5.67034003325E-05,0.0013678053,0.0007064327,0.0039501451,0.0033558533
2014-12-12,-0.0163464658,0.01,0.008441763,0.0017136405,-0.0005022658,0.0073039634,-0.0006906013,-0.0003099042,-0.0009860146,0.002751397,0.0078120548
2014-12-15,-0.0063627862,-0.0063627862,-0.0031869498,-0.0018785461,-0.000502264,-0.0034739301,-0.0006906013,-0.000309902,-0.0009860146,-0.0027572792,-0.0052494947
2014-12-16,-0.00852526,-0.00852526,-0.0035189786,-0.0009887964,-0.000502264,-0.0059349686,-0.0006906013,-0.000309902,-0.0009860172,-0.0038991068,-0.0051991371
2014-12-17,0.0201480735,0.0201480735,0.0135675529,0.0163368117,0.0164157189,0.0162995867,0.016731875,0.0213390402,0.0119800474,0.0174030978,0.0194164347
2014-12-18,0.0237313745,0.0237313745,0.0161928292,0.01663021,0.0195153728,0.0162995867,0.0226917453,0.0202846006,0.0119800474,0.0194259509,0.0212311074
2014-12-19,0.004559638,0.004559638,0.0019764544,0.0059016855,0.0062126806,0.0051239543,0.0057340697,0.0067264717,0.0068240934,0.0050982172,0.0051352996
2014-12-22,0.0038032226,0.0038032226,0.007609847,0.0047181076,0.0011534435,0.0038049622,-0.000045732,0.000889572,-0.0009860146,0.0021122154,0.0033847578
2014-12-23,0.0017448387,0.0017448387,0.0043565705,0.0063896626,0.0049513811,0.0030105719,0.0010836417,0.0011931949,0.0046116309,0.004053425,0.0024315109
2014-12-24,-0.0001393062,-0.0001393062,-0.0012660781,-0.0006167646,-0.0005022658,-0.0018644314,-0.0006905997,-0.0003099063,-0.0003450069,0.0003767014,-0.0011614328
2014-12-26,0.0033041101,0.0033041101,0.0021940761,0.002096293,0.0029530397,0.0013372581,0.0022834749,0.0039505754,0.0022321735,0.0037721507,0.0034060958
2014-12-29,0.000861403,0.000861403,0.0012154619,0.0034291614,0.0023439981,0.0024451856,0.0006368845,-1.29844993353E-05,0.0011094303,0.0026142895,0.0004175915
2014-12-30,-0.0049005927,-0.0049005927,-0.0023844521,-0.0013288334,-0.000502264,-0.0023842473,-0.0006905997,-0.0003099063,-0.0009860172,-0.003121905,-0.0051536653
2014-12-31,-0.0103643839,0.01,0.0051486017,0.001639812,-0.0005022658,0.0055271834,-0.0006906013,-0.0003099063,-0.0009860146,-0.0012378097,-0.005092782
2015-01-02,-0.0003400214,-0.0003400214,0.0002805132,0.0024412617,-0.0005022658,-0.0005264394,-0.0003860702,-0.0002266452,-0.0009860172,-0.0001399014,5.58281317353E-05
2015-01-05,-0.0184472135,0.01,0.0029141742,0.0012357682,-0.0005022658,0.0092365779,-0.0006906012,-0.0003099041,0.0121088848,0.0088632852,0.0078120548
2015-01-06,-0.0089332548,-0.0089332548,-0.0027340141,-0.0019652788,-0.0005022658,-0.0051721372,-0.0006906014,-0.0003099041,-0.0007890616,-0.0037578363,-0.005161061
2015-01-07,0.0115627358,0.0115627358,0.0107530179,0.0129866228,0.011315614,0.0115696657,0.012997821,0.0116979927,0.0116177779,0.0111451223,0.0113705657
2015-01-08,0.0177301685,0.0177301685,0.0131236566,0.0157459714,0.0175028648,0.0160165876,0.0161512792,0.017606305,0.0119800493,0.014680434,0.0155619085
2015-01-09,-0.0084393222,-0.0084393222,0.0028159663,-0.0003654095,-0.000502264,-0.0021093506,-0.0006906013,-0.0003099063,-0.0009860172,-0.0067970287,-0.0052248714
2015-01-12,-0.0081266169,-0.0081266169,-0.0020444503,-0.0003428119,-0.0005022658,0.0024128975,-0.0006906013,-0.0003099041,-0.0009860172,0.0014114361,0.0078120553
2015-01-13,-0.0025818857,-0.0025818857,0.0027780517,0.0013422933,-7.23646080587E-05,0.0006411783,-0.0004384964,0.0035570692,-0.0009860172,-0.0004244726,0.0010478245
2015-01-14,-0.0058300286,-0.0058300286,-0.003822393,-0.0024741637,-0.0005022658,-0.0038498491,-0.0006906013,-0.0003099042,-0.0009860146,-0.0031721052,-0.0052363388
2015-01-15,-0.0092909032,-0.0092909032,-0.0007116706,-0.0006330586,-0.0005022658,-0.0083307792,-0.0006906013,-0.0003099041,-0.0009860146,-0.0019441098,-0.0051642088
2015-01-16,0.0133348932,0.0133348932,0.0123988548,0.0154314935,0.011430067,0.0158822909,0.014744373,0.013333397,0.0119800493,0.0159729179,0.0172937606
2015-01-20,0.0015487525,0.0015487525,0.0002895168,0.0018711679,-0.0005022658,-3.07727605104E-05,0.0007494186,-0.000309902,0.0013768782,0.0014706086,0.0027539413
2015-01-21,0.0047204649,0.0047204649,-0.0011152693,0.0058921697,0.0078336103,0.0064569814,0.0084832273,0.0059149531,0.0119800474,0.0037578773,0.0054591931
2015-01-22,0.015154313,0.015154313,0.0145069966,0.0160687603,0.0141391736,0.0150868353,0.0116501935,0.0097768465,0.0077265925,0.0099852448,0.0117541291
2015-01-23,-0.0055066563,-0.0055066563,-0.0022715377,-0.0005756048,-0.0005022658,-0.0044503827,-0.0006906013,-0.0003099042,-0.0009860146,-0.0035076849,-0.0045490824
2015-01-26,0.0025651682,0.0025651682,-0.0009179201,0.007055623,0.0042006378,0.0054845857,0.0044296421,0.0075500282,0.0066808457,0.0062309904,0.0052028135
2015-01-27,-0.0134782878,0.01,-0.0017057862,0.001090778,-0.0005022658,0.0035761539,-0.0006906013,-0.0003099041,-0.0009860146,-0.0001766589,-0.0050924392
2015-01-28,-0.013587503,0.01,0.007548389,0.004440025,-0.0005022658,0.0113518219,-0.0006906013,-0.0003099042,-0.0009860172,0.0054093264,0.0078120548
2015-01-29,0.0094895171,0.0094895171,0.0122058587,0.0054045506,0.0064542945,0.0061369492,0.0083400644,0.0142199127,0.0078265555,0.0084741982,0.0114415083
2015-01-30,-0.0130770991,0.01,0.010735319,0.0048509454,-0.0005022658,0.0132742729,-0.0006906013,-0.0003099042,-0.0009860172,0.0074639181,0.0078120548
2015-02-02,0.0128791703,0.0128791703,0.011866725,0.0138297882,0.0171571635,0.0104106599,0.0106670335,0.0122181335,0.0119800474,0.0120729338,0.0137175974
2015-02-03,0.0143362382,0.0143362382,0.0100958394,0.0157920551,0.0132351341,0.0130614545,0.0112044364,0.0108331246,0.0119800493,0.0180555359,0.013927334
2015-02-04,-0.0041647063,-0.0041647063,0.0012381023,-0.0015295967,-0.0005022658,-0.0035794191,-0.0006157997,-0.000309902,-0.0009860172,-0.0064750332,-0.0049751159
2015-02-05,0.0102388108,0.0102388108,0.0105680795,0.011550677,0.0102980928,0.0090244692,0.0092471857,0.0112767136,0.0058387648,0.0093988404,0.0087061385
2015-02-06,-0.0034240277,-0.0034240277,3.98370902985E-05,-0.0006160783,-0.000502264,0.0011641355,-0.0006906013,-0.0003099063,-0.0009860146,-0.0021633692,-0.0026528165
2015-02-09,-0.0042562396,-0.0042562396,-0.0035740994,0.0018330722,-0.0005022658,-0.0028111618,-0.0006906013,-0.000309902,-0.0006208073,-0.0005967002,-0.0042077117
2015-02-10,0.0106189797,0.0106189797,0.0041031297,0.0058261487,0.0040063951,0.0088943392,0.0115559939,0.0089614317,0.0069132955,0.007162476,0.008587447
2015-02-11,-2.90342065519E-05,-2.90342065519E-05,0.0048236316,0.0055634957,-0.000353487,0.0028002951,0.0010314152,-5.08401135448E-05,-0.0009860146,0.0005197674,0.0018053441
2015-02-12,0.009598295,0.009598295,0.0051137675,0.0090036625,0.0076620812,0.0071717538,0.0074141645,0.012827605,0.0119800493,0.0071837027,0.0090938387
2015-02-13,0.0040664593,0.0040664593,0.0043410612,-0.0009732828,-0.000502264,0.0011324445,-0.000124544,0.000112438,0.0036619911,-0.0010443125,0.000385778
2015-02-17,0.0015962999,0.0015962999,0.0076233596,0.0062922263,0.0063512665,0.0047627632,0.005150036,0.0035834445,0.0067298203,0.0069527635,0.0052068587
2015-02-18,-0.0003143585,-0.0003143585,0.0076795863,0.0078736721,0.0035959815,0.0040548788,0.0073643946,0.0031439264,0.0029304055,0.0063160714,0.004686235
2015-02-19,-0.001062622,-0.001062622,-0.0032340956,-0.0015708348,-0.000502264,-0.0027007554,-0.0006906013,-0.0003099042,-0.0009860159,-0.0039197784,-0.0022300156
2015-02-20,0.0061078429,0.0061078429,0.0018291788,0.003985031,0.0037115708,0.0025024544,0.0038898098,0.0028877,0.0011737361,0.0042191567,0.0044312961
2015-02-23,-0.0003033853,-0.0003033853,0.0009150074,-0.0012188992,-0.000502264,6.1547383666E-05,-0.0006906013,-0.0003099042,-0.0009860172,0.000232948,-0.0020738486
2015-02-24,0.0027549723,0.0027549723,0.003381023,0.0018641383,0.0053072446,-4.15872782469E-05,-0.0006906013,-0.000309902,0.0002610679,0.0021941662,0.0021709953
2015-02-25,-0.0007660169,-0.0007660169,7.87258613855E-05,-0.0010406752,-0.000502264,0.0040232437,-0.0003134095,-0.0003099041,0.0002989357,0.0001256056,0.0009210152
2015-02-26,-0.0014771185,-0.0014771185,-0.0005406477,-0.0020021508,-0.000502264,-0.0035834592,-0.0004425241,-0.0003099042,-0.0009860146,-0.0036948528,-0.0028742133
2015-02-27,-0.0029606829,-0.0029606829,-0.0010934852,0.0008623246,-0.000502264,0.0003863666,-0.0006906013,-0.0003099041,-0.0009860172,-0.0012129899,-0.0023017339
2015-03-02,0.0061062384,0.0061062384,0.0042841006,0.005599088,0.006335828,0.0041250112,0.002116519,0.0064342818,0.0042867903,0.0058804648,0.0058771917
2015-03-03,-0.0045488729,-0.0045488729,-0.0016510682,-0.0018276796,-0.0005022658,-0.0027009808,-0.0006906013,-0.0003099042,-0.0009860172,-0.0028776731,-0.0039178487
2015-03-04,-0.0043981612,-0.0043981612,-0.0021157975,-0.0009026504,-0.0005022658,-0.0027478412,-0.0006906014,-0.000309902,-0.0009860146,-0.0045397617,-0.0050112745
2015-03-05,0.0011953654,0.0011953654,0.0049749948,0.0034356315,0.0051294467,0.0033930279,0.0019646627,0.0015693514,-0.0009860172,0.0034952797,0.0040814187
2015-03-06,-0.0142753562,0.01,0.0076926658,0.0049468549,-0.0005022658,0.0162995886,-0.0006906013,-0.0003099042,-0.0009860172,0.0130606983,0.0078120548
2015-03-09,0.0039366624,0.0039366624,0.0033577753,0.0003783484,-0.0005022658,0.0022533415,-0.0006905997,-0.000309902,-0.0009860159,0.0024243258,0.00343213
2015-03-10,-0.0171068212,0.01,0.0098340502,0.0045749522,-0.0005022658,0.0140464567,-0.0006906014,-0.0003099041,-0.0009860146,0.0051053138,0.0078120548
2015-03-11,-0.0019195207,-0.0019195207,-0.0011456343,0.0007084529,-0.0005022658,-0.0008742549,-0.0001691072,-0.0003099041,0.0015583183,-0.000628816,-0.0003211759
2015-03-12,0.0125227022,0.0125227022,0.0130401859,0.0128609715,0.0112769399,0.0127886236,0.0126383901,0.0101180868,0.0076460508,0.0119871162,0.0122280382
2015-03-13,-0.0060932372,-0.0060932372,-0.0021827605,-0.0025391523,-0.0005022658,-0.0037344899,-0.0006906013,-0.0003099042,-0.0009860146,-0.0042711105,-0.0052855909
2015-03-16,0.013442909,0.013442909,0.0157520622,0.0127984267,0.0117167607,0.0116764791,0.0086483769,0.0128485151,0.0087912474,0.010678581,0.0139215644
2015-03-17,-0.0033256977,-0.0033256977,-0.003676004,-0.0012280829,-0.0005022658,-0.0024052113,-0.0006906014,-0.000309902,9.92766581476E-06,-0.0008533224,-0.0027995016
2015-03-18,0.0120851016,0.0120851016,0.0096510388,0.0119107161,0.0110805063,0.0125456415,0.0092718266,0.0106748352,0.0119800493,0.0129862996,0.0109453229
2015-03-19,-0.0048844889,-0.0048844889,-0.003822393,-0.0029021706,-0.0005022658,-0.0037705079,-0.0006593643,-0.0003099042,-0.0009860172,-0.0048761722,-0.0044269934
2015-03-20,0.0089723821,0.0089723821,0.0082448814,0.0121372472,0.0093069244,0.0110229552,0.0142739117,0.0134193087,0.0119800474,0.0093499087,0.0081042759
2015-03-23,-0.0017472567,-0.0017472567,0.0031994462,0.00584814,-0.0005022649,0.0019173836,0.0012052666,-0.0003099042,0.0046122265,0.0018965863,-0.000702085
2015-03-24,-0.0061583458,-0.0061583458,0.0005502512,-0.0025270041,-0.0005022658,-0.0041927844,-0.0006906013,-0.0003099042,-0.0009860159,-0.0035763532,-0.0052373027
2015-03-25,-0.0146659264,0.01,0.0055946773,0.0035705683,-0.0005022658,0.0096565951,-0.0006906013,-0.000309902,-0.0009860172,0.0062859682,0.0075785313
2015-03-26,-0.002380331,-0.002380331,-0.0028002518,-0.0018305737,-0.0005022658,-0.0022534896,-0.0006906013,-0.0003099063,-0.0009860146,-0.0019502006,-0.0026577124
2015-03-27,0.0023657611,0.0023657611,8.50388314575E-05,-0.0004276005,-0.000502264,0.0021092771,0.0002638215,-0.0001193083,-0.0009860146,0.0034130495,0.0023222687
2015-03-30,0.0121623823,0.0121623823,0.0103544286,0.0128162429,0.0098858327,0.0107802451,0.0106414109,0.0117023224,0.0095780697,0.0112887248,0.0106328651
2015-03-31,-0.0088346859,-0.0088346859,-0.0030534766,-0.0017443425,-0.000502264,-0.0074058939,-0.0006906013,-0.0003099063,-0.0009860146,-0.0049599055,-0.0051425155
2015-04-01,-0.0039732546,-0.0039732546,-0.0030160665,-0.001253787,-0.000502264,-0.00153929,-0.0004764679,-0.0003099063,-0.0009860172,-0.0031058211,-0.002754936
2015-04-02,0.0035234525,0.0035234525,0.0043846583,0.0076958016,0.00381486,0.0055213897,0.0044638421,0.0051392852,0.0038363938,0.0031238254,0.0037527918
2015-04-06,0.0065870725,0.0065870725,0.0074878,0.0104578361,0.0092210919,0.0092419088,0.0073209167,0.0080693187,0.0097258501,0.0071696434,0.0080191391
2015-04-07,-0.0020640327,-0.0020640327,-0.0019466595,-0.0028997604,-0.0005022658,-0.0031955447,-0.0006906014,-0.0003099042,-0.0009860146,-0.0018569268,-0.0025079409
2015-04-08,0.0026789415,0.0026789415,0.0024741262,0.0047291005,0.0015898624,0.003941725,0.0037376513,0.003452084,0.0018895646,0.0056494931,0.0056354799
2015-04-09,0.0044475762,0.0044475762,0.0016969868,0.0039309636,0.0019931262,0.0034156702,0.0023077815,0.0030836032,0.0051068445,0.0017453171,0.005379519
2015-04-10,0.0051893769,0.0051893769,0.0022228023,0.0029201466,0.0014811335,0.0028548399,0.0007389354,0.0005404516,-0.0009860172,0.0018420164,0.00327959
2015-04-13,-0.0045918068,-0.0045918068,-0.0026553147,-0.0018102261,-0.0005022658,-0.0036522429,-0.0006906013,-0.0003099063,-0.0009860146,-0.0051072706,-0.0042339498
2015-04-14,0.0016284321,0.0016284321,0.0011129959,0.0048005995,-0.000502264,0.0022392655,0.0009619568,0.0010319571,0.0023173227,0.0028860252,0.0022459868
2015-04-15,0.0051349891,0.0051349891,0.0016220796,0.0062602572,0.0043368242,0.0045323009,0.0046345894,0.006238115,0.0119800474,0.0075201578,0.0046394607
2015-04-16,-0.000778747,-0.000778747,0.0006379911,0.0035497514,-0.00009873,0.0018118508,0.0035567973,0.0023744353,-0.0009860146,-0.0012655649,-0.000731159
2015-04-17,-0.0113757039,0.01,0.009554673,0.0014426964,-0.0005022658,0.0035838615,-0.0006906013,-0.0003099042,-0.0009860146,0.003155902,-0.0050571458
2015-04-20,0.0091927483,0.0091927483,0.0057421708,0.0075413371,0.0038645321,0.0066405917,0.0030439924,0.0045042397,0.0033599958,0.0056802044,0.0045265034
2015-04-21,-0.0014817024,-0.0014817024,-0.0016067233,-0.003657477,-0.0005022658,-0.0018140543,0.0005940143,-0.000309902,-0.0009860146,0.0008700844,0.0009704796
2015-04-22,0.0050745829,0.0050745829,-0.0002331028,0.0024250378,-0.0005022658,0.0010542721,0.0006519887,-0.0003099042,0.000658059,0.0006369948,-0.0003545089
2015-04-23,0.002354941,0.002354941,-2.90307216346E-05,0.000077629,0.0012762265,-3.39783728123E-05,0.0002286435,0.0008419069,-0.0001941765,0.0003032051,0.0001314757
2015-04-24,0.0022502665,0.0022502665,0.0047615068,0.0078231739,0.0025020791,0.001189501,-0.0006906029,-0.0003099063,-0.0009860172,0.0010211281,-0.0014351709
2015-04-27,-0.004149913,-0.004149913,0.0002484464,-0.0022084964,-0.0005022658,-0.0064992439,-0.0006906013,-0.000309902,-0.0009860146,-0.0021609813,-0.0032791262
2015-04-28,0.0027654045,0.0027654045,0.0032130077,0.005617281,0.0004531685,0.0029536402,0.0006639013,-0.0003099042,0.0019765208,0.001878608,0.0011468022
2015-04-29,-0.0037473481,-0.0037473481,-0.0017770752,0.0023963947,-0.0005022658,0.0019934215,-0.0006905997,-0.000309902,-0.0009860172,-4.33307141066E-05,-0.0051843356
2015-04-30,-0.0101805531,0.01,-0.0010488853,0.0009667627,-0.0005022658,0.0018532397,-0.0006906013,-0.0003099041,0.0081601385,-0.0016711317,0.0078120548
2015-05-01,0.0108637764,0.0108637764,0.0063163666,0.0079329051,0.0040377025,0.0067761829,0.0072872122,0.002181693,0.0064935898,0.0052828165,0.0065478273
2015-05-04,0.0029364331,0.0029364331,0.0026911513,0.0056190151,-0.0003296155,0.0029271385,0.0021367613,0.0019577472,-0.0009860146,0.001891667,0.0014797533
2015-05-05,-0.0119080032,0.01,0.0023951086,0.0004753154,-0.000502264,0.0049813055,-0.0006906013,-0.0003099041,-0.0009860172,0.0044469256,0.0078120553
2015-05-06,-0.0044656813,-0.0044656813,-0.0001054574,-0.001796219,-0.0005022658,-0.0027925633,-0.0006906013,-0.000309902,-0.0009860172,-0.0040291324,-0.0052157314
2015-05-07,0.0037667106,0.0037667106,0.006793431,0.0079235276,0.0032292928,0.0059066107,0.0035141609,0.0056540328,0.0046732477,0.0059786951,0.0047809463
2015-05-08,0.0133681481,0.0133681481,0.0113781858,0.013654382,0.0119628021,0.014170045,0.0135980174,0.0141996676,0.0119800493,0.0158501752,0.0128283761
2015-05-11,-0.0051025567,-0.0051025567,-0.0037873553,-0.0021401248,-0.0005022658,-0.0027426966,-0.0006906013,-0.0003099041,0.0009737352,-0.0020733587,-0.0042449599
2015-05-12,-0.0029539965,-0.0029539965,-0.0021711746,-0.0004106686,-0.0005022658,-0.0024933983,-0.0006906013,-0.0003099063,-0.0009860146,-0.0028515495,-0.0040709842
2015-05-13,-0.0003050014,-0.0003050014,-0.0012161457,-0.0005526692,-0.0002189044,0.0001906808,-0.0006906013,-0.0003099042,-0.0009860172,-0.0040388927,-0.0019511916
2015-05-14,0.0107216046,0.0107216046,0.0133789191,0.0124624697,0.0088434825,0.0061046397,0.0087514222,0.0032679855,0.0048264372,0.0065231593,0.0079394151
2015-05-15,0.0007681184,0.0007681184,0.0009032793,0.0023521467,-0.0005022658,0.0035205288,0.0006855287,0.0012895148,-0.0005763356,0.0027009007,0.0020352369
2015-05-18,0.0030433126,0.0030433126,0.0030755627,0.0033204707,0.0022160648,0.0044983206,0.0025179014,0.0019958084,-0.0009860172,0.0018539019,0.0032244422
2015-05-19,-0.0006435816,-0.0006435816,0.0018790115,-0.0008624988,-0.0005022658,-0.0010227207,-0.0006906013,-0.0003099063,-0.0009860172,-0.0032347217,-0.0023386646
2015-05-20,-0.0009309492,-0.0009309492,-0.0004596338,0.0022207785,-0.0005022658,0.0002206154,-0.0001081239,0.0017611857,-0.0003379584,-0.0021270048,-0.0001326567
2015-05-21,0.0023351456,0.0023351456,0.0001141846,0.0026705009,0.0006978735,0.0013869265,-0.0005099534,3.28750757035E-05,0.0044752127,0.0017126482,0.0011244495
2015-05-22,-0.0022363848,-0.0022363848,-0.0021285315,-0.0019547278,-0.0005022658,-0.003133351,-0.0006906029,-0.000309902,-0.0009860172,-0.0028180312,-0.003751209
2015-05-26,-0.0103352052,0.01,0.0041938731,0.0016188046,-0.0005022621,0.0060029672,-0.0006906013,-0.000309902,-0.0009860146,0.0024284087,0.0078120548
2015-05-27,0.0091209188,0.0091209188,0.0064996053,0.0071148551,0.0064022099,0.007614499,0.0153152961,0.0076639345,-0.0009860159,0.008018598,0.0085546272
2015-05-28,-0.0012675637,-0.0012675637,0.00027398,0.0005952087,-0.0005022658,-4.65717166662E-05,-0.0006906029,-0.0003099063,-0.0009860146,-0.0002979096,-0.0053151241
2015-05-29,-0.006338515,-0.006338515,-0.003822393,-0.0007901154,-0.0005022658,-0.0053522568,-0.0006906013,-0.0003099042,-0.0009860159,-0.0020097513,-0.0052789953
2015-06-01,0.0020573431,0.0020573431,0.0014520565,0.0009375466,-0.000502264,0.0011143917,-0.000017793,0.0006157202,0.0012980022,0.0014936216,0.0005022539
2015-06-02,-0.0010091048,-0.0010091048,-0.0006303547,0.0037884172,-0.0005022658,0.0002591033,-0.0006906029,-0.0003099063,0.0030199094,0.0015718564,-0.0011061057
2015-06-03,0.0021166291,0.0021166291,0.0012913009,0.0016881675,-0.000502264,-0.0009249914,-0.0006905997,-0.0003099063,-0.0009860146,-0.0014700796,-0.0004944094
2015-06-04,-0.008660562,-0.008660562,0.0010251396,-0.0005357014,-0.0005022658,-0.0073816385,-0.0006906013,-0.0003099042,-0.0009860146,-0.0044860672,-0.0050641717
2015-06-05,-0.0014372153,-0.0014372153,-0.0031911072,-0.0016921377,-0.000502264,-0.0069316067,-0.0006906013,-0.0003099063,0.0012074516,-0.0007086545,-0.0017482964
2015-06-08,-0.0064955604,-0.0064955604,-0.0029232395,-0.0030159485,-0.0005022658,-0.0040662903,-0.0006906013,-0.000309902,-0.0009860146,-0.0034546908,-0.0051438482
2015-06-09,0.0004182655,0.0004182655,0.0039812634,0.0053333822,0.0001214839,-0.0015856046,0.0007566784,-0.0003099063,0.0006645627,0.0021470245,0.000338051
2015-06-10,0.0119704918,0.0119704918,0.0116630103,0.0129535347,0.0112501848,0.0108612813,0.0110626929,0.0108387293,0.0055577606,0.0089056604,0.0106081031
2015-06-11,0.0017371166,0.0017371166,0.0039133504,0.0036471002,-0.0005022658,0.0037662294,0.0008000834,0.0013529249,-0.0009860146,0.0020484347,0.0022403868
2015-06-12,-0.0070188747,-0.0070188747,-0.002838009,-0.0024254471,-0.0005022658,-0.0040934701,-0.0006906013,-0.0003099042,-0.0009860172,-0.0050310791,-0.0052335169
2015-06-15,-0.0046332892,-0.0046332892,-0.0020182375,0.0003589466,-0.0005022658,-0.0051388554,-0.0006906014,-0.0003099042,-0.0009860172,-0.0049490742,-0.0038917828
2015-06-16,0.0056737303,0.0056737303,0.0075273849,0.0082699982,0.0025266388,0.0065290667,0.0052871029,0.0060272678,0.0051720929,0.003725592,0.0048905965
2015-06-17,0.0019776842,0.0019776842,0.0042518172,0.0048472364,-0.0005022658,0.0040379232,0.0045243008,0.0065055392,0.0094195176,0.0013742559,0.0028094891
2015-06-18,0.0098540001,0.0098540001,0.0112906033,0.0100358911,0.0073500918,0.0119583458,0.0118150059,0.0108363153,0.0094863605,0.0108349975,0.012685772
2015-06-19,-0.0053176152,-0.0053176152,-0.0017807388,-0.0010248446,-0.0005022658,0.0002445821,-0.0006905997,-0.0003099063,-0.0009860172,-0.0024853703,-0.0052639507
2015-06-22,0.0060763683,0.0060763683,-4.65768389404E-05,-1.28676183522E-05,0.002147038,0.0074345907,0.0012200475,0.0100792963,-0.0009860159,0.000108242,0.00317979
2015-06-23,0.0006356662,0.0006356662,-0.0015702059,0.0004422138,-0.0005022658,-0.0008427817,-0.0002229215,-0.0003099063,0.0003823802,0.0018458534,0.0004250896
2015-06-24,-0.0073804657,-0.0073804657,0.0003408685,-0.0016410695,-0.0005022658,-0.0002630074,-0.0006906013,-0.0003099063,-0.0009093443,-0.0010691229,-0.0050996607
2015-06-25,-0.0029780039,-0.0029780039,-0.0028891796,-0.0009030811,-0.0005022658,-0.0032881219,-0.0006906013,-0.000309902,-0.0009860146,-0.0055363663,-0.0052668713
2015-06-26,-0.000390156,-0.000390156,0.0041506579,0.0044916179,-0.000502264,0.0030943016,-0.0006906014,-0.000309902,0.0002489311,-0.0022099875,-0.0001837751
2015-06-29,-0.0210869692,0.01,0.01004152,0.0039721238,-0.0005022621,0.0162995886,-0.0006906013,-0.0003099063,0.0071315779,0.0116041461,0.0078120553
2015-06-30,0.0026549619,0.0026549619,0.0009474454,0.0036359746,0.0024298551,0.0044367583,0.0015515853,0.0038695363,0.0012794973,0.0018153023,0.0038698269
2015-07-01,0.0069120967,0.0069120967,0.0091130771,0.010170416,0.0048753605,0.0099391192,0.0079976693,0.0070553529,0.0003310478,0.0036536865,0.0047329599
2015-07-02,-0.0003080704,-0.0003080704,0.0040743481,0.003115088,0.0024373517,0.0027081463,0.0001542174,0.0014316412,-0.0009860172,2.664886415E-05,0.0018886952
2015-07-06,-0.0038692324,-0.0038692324,0.0005537902,-0.0004093423,-0.0005022658,-0.0022244342,-0.0006906013,-0.0003099042,-0.0009860146,-0.0019560065,-0.0036986424
2015-07-07,0.0060625605,0.0060625605,0.0128174154,0.0119251944,0.0123144211,0.0101047708,0.0113088693,0.0109407129,0.0119800474,0.0103307907,0.009966461
2015-07-08,-0.0167929648,0.01,0.0012774866,0.0007323432,-0.0005022658,0.0065509928,-0.0006906013,-0.0003099042,0.0035558385,0.0104891621,0.0078120539
2015-07-09,0.0022596477,0.0022596477,0.002127981,0.0041889139,0.001405159,0.001547276,-0.0006905997,0.0003490332,0.0043854355,0.0037575681,0.0024280911
2015-07-10,0.0122629861,0.0122629861,0.0073962277,0.0075470093,0.006057879,0.0086150933,0.0060234135,0.0062166625,0.0048747542,0.0094885314,0.009738029
2015-07-13,0.0110052688,0.0110052688,0.0077471547,0.0112215467,0.0058077532,0.0102154836,0.0113070849,0.0127109531,0.011477476,0.008792771,0.0099407705
2015-07-14,0.004443273,0.004443273,0.0019472137,0.0045455964,0.00809839,0.0053360648,0.0054971208,0.003520638,0.0027289852,0.0054820711,0.0044049136
2015-07-15,-0.0007352564,-0.0007352564,-0.0004475969,-0.001949782,-0.0005022658,-0.0035429727,-0.0006906012,-0.000309902,-0.0009860146,-0.0053512678,-0.0050856788
2015-07-16,0.0079827336,0.0079827336,0.0086378297,0.0126111107,0.0093153985,0.0108269546,0.0141452178,0.0112900585,0.0026874121,0.007040699,0.0083769206
2015-07-17,0.0011055719,0.0011055719,-0.0014149297,-0.0028105546,-0.0005022658,-0.0039588157,-0.0006906013,-0.0003099063,-0.0009860146,-0.0017612241,-0.0033053234
2015-07-20,0.0007709363,0.0007709363,0.0020100942,-0.0003161831,-0.0005022658,-0.0019574501,-0.0006906013,-0.0003099063,-0.0009860159,0.0001002029,-0.001891261
2015-07-21,-0.0042707961,-0.0042707961,-0.0008167573,-0.0002189511,-0.0005022658,0.0001152325,0.0017386745,0.0006164755,0.0012523993,-0.0030551143,-0.00171158
2015-07-22,-0.0023905652,-0.0023905652,0.0054929564,0.0021893203,0.0007445488,0.0011344263,-0.0006906014,0.0001816259,-0.0009860172,-0.0026661865,-0.0034948047
2015-07-23,-0.0056922102,-0.0056922102,0.0028075965,-9.56575386226E-05,7.79477413744E-05,0.0014003525,-0.0006906013,0.0016642511,-0.0009860159,-0.001734715,-0.0059823859
2015-07-24,-0.0107610207,0.01,0.0002812415,-0.0017748447,-0.0005022658,-0.005118411,0.0095749442,-0.0003099063,0.0105507635,0.0090761138,0.0078120553
2015-07-27,-0.0057917547,-0.0057917547,0.002917188,-0.0021005739,-0.0005022658,-0.005339073,-0.0006906013,-0.000309902,-0.0009860146,-0.0070231725,-0.0050452827
2015-07-28,0.0123100736,0.0123100736,0.0052795196,0.0089759203,0.014632591,0.0079410253,0.0122465473,0.014799634,0.0119800493,0.0104582012,0.0098465635
2015-07-29,0.0072921428,0.0072921428,0.007032101,0.0083177295,0.0097817294,0.0067184474,0.0029623092,0.0046504098,0.0046814028,0.0038302653,0.0063420949
2015-07-30,2.83671633774E-05,2.83671633774E-05,-0.0019440595,0.0027210563,0.0006807935,4.93042171001E-05,0.0020955335,0.0025169505,-0.0009860159,-0.0022462979,-0.001598563
2015-07-31,-0.0022741038,-0.0022741038,0.0001957815,-0.0011592265,-0.0005022658,0.0005794633,-0.0006906012,0.0011622407,-0.0009860146,-0.0004925374,-0.0028263321
2015-08-03,-0.002760694,-0.002760694,0.0045767883,-0.0003799787,0.0006705634,0.0019505033,0.0009396183,0.001820378,-0.0009860146,-0.0013702996,0.0002492336
2015-08-04,-0.0022522393,-0.0022522393,-0.0002200613,0.0028548909,-0.000502264,-0.0046059322,-0.0006906013,-0.000309902,-0.0009860159,-0.0004243515,-0.0011608787
2015-08-05,0.0031098384,0.0031098384,0.0069466708,0.0069033811,0.0039164266,0.0077581108,0.0088490527,0.0040090121,0.0016926692,0.0022239406,0.0038422393
2015-08-06,-0.0077831958,-0.0077831958,-0.003822393,0.0009095017,-0.0005022658,-0.0029334389,0.0010542294,-0.0003099041,0.002693577,-0.0021753106,-0.0055307802
2015-08-07,-0.0028790232,-0.0028790232,-0.0007276591,-0.0004427251,-0.000502264,-0.0004568025,-0.0006906012,-0.000309902,-0.0009860146,-0.0012145545,-0.0019980241
2015-08-10,0.012726836,0.012726836,0.0062191244,0.0115855336,0.0094418004,0.01004651,0.0115997661,0.011033373,0.0119800474,0.0135826888,0.0114333257
2015-08-11,-0.009603065,-0.009603065,-0.00093564,-0.0003951574,-0.0005022658,-0.0027660131,-0.0006906013,-0.0003099042,-0.0009860146,0.0002955925,-0.0050583072
2015-08-12,0.0009496039,0.0009496039,-0.0020297067,-0.0005734628,-0.000502264,0.0022949856,0.002484302,0.0044881199,0.0006388013,-6.7725777626E-05,0.0016831188
2015-08-13,-0.0012760257,-0.0012760257,-0.0002305489,-0.0013085571,-0.0005022658,-0.0016971864,-0.0006906013,-0.0003099042,-0.0009860146,-0.0018808506,-0.00532718
2015-08-14,0.003904332,0.003904332,0.0053290864,0.0045163836,0.0035294106,0.0037227068,-0.0005307955,0.0019288477,0.0018255897,0.0040037278,0.0031658211
2015-08-17,0.0051978915,0.0051978915,0.0030343847,0.0064073121,0.0053264392,0.0045066262,0.0049057095,0.0063184761,0.0048960717,0.0043701828,0.0052202297
2015-08-18,-0.0026289827,-0.0026289827,0.0018322037,0.0019569735,-0.0005022658,-0.0019344799,-0.0006906014,-0.0003099063,-0.0009860146,-0.00262166,-0.0039279312
2015-08-19,-0.0082891367,-0.0082891367,0.001177809,0.0010071546,-0.0005022658,0.0017504506,-0.0006906013,-0.0003099042,-0.0009860172,-0.0043826494,0.0007469184
2015-08-20,-0.0213259605,0.01,0.0042632436,0.0030311639,-0.000502264,0.0128259547,-0.0006906012,-0.0003099063,0.0096363053,0.0052535497,0.0078120553
2015-08-21,-0.0323692421,0.01,0.0105237616,0.0054571237,-0.0005022666,0.0162995793,-0.0006906013,-0.0003099063,0.0087188277,0.0178998262,0.0078120553
2015-08-24,-0.0402114445,0.01,0.0129245622,0.0054571247,-0.000502263,0.0162995774,-0.0006906014,-0.0003099063,-0.0009860172,0.0162044819,0.0078120525
2015-08-25,-0.01361425,0.01,0.0101183159,0.0027736861,-0.0005022658,0.0051935278,-0.0006906013,-0.0003099042,-0.0009860146,0.0003189556,0.0078120548
2015-08-26,0.0382912997,0.0382912997,0.0342965722,0.0230475403,0.0195153728,0.0162995867,0.0249134265,0.0236061569,0.0119800493,0.0197908357,0.0288123935
2015-08-27,0.0240072543,0.0240072543,0.0149406744,0.0249527879,0.0195153728,0.0154442694,0.0279789697,0.0227919612,0.0119800474,0.0197908357,0.0236945264
2015-08-28,0.0006085512,0.0006085512,-0.0037053018,1.95698812604E-05,-0.0002535985,0.0005918145,0.0008534659,0.0017102282,0.0070683784,-0.0007963199,-0.0006433884
2015-08-31,-0.0084270785,-0.0084270785,-0.003822393,0.0001840638,-0.000502264,-0.0074410588,-0.0006906013,-0.000309902,-0.0003622717,-0.0026915912,-0.0046017412
2015-09-01,-0.0300226498,0.01,0.0111742131,0.0054571237,-0.0005022649,0.0162995774,-0.0006906014,-0.0003099063,0.0097737834,0.015032229,0.0078120553
2015-09-02,0.018127671,0.018127671,0.0115728891,0.0118789822,0.0103614423,0.0134097384,0.0106179398,0.0129233664,0.0104739983,0.0123247728,0.0138685629
2015-09-03,0.0011641159,0.0011641159,0.0071353102,0.0077935262,0.0037059051,0.0045634657,0.0026385391,0.0027379072,0.004280264,-0.0006775483,0.0030690543
2015-09-04,-0.0154483087,0.01,0.0097243655,0.0050800946,-0.0005022658,0.0078160688,-0.0006906013,-0.0003099042,-0.0009860172,0.0057972912,0.0078120548
2015-09-08,0.024773637,0.024773637,0.0240446534,0.0275283474,0.0195153728,0.0162995867,0.0224479735,0.0225839689,0.0119800493,0.0197908357,0.022827886
2015-09-09,-0.0139950357,0.01,0.0074884789,0.0005034585,-0.0005022658,0.0108413585,-0.0006906013,-0.0003099063,-0.0009860146,0.0029656254,0.0078120548
2015-09-10,0.0052640754,0.0052640754,-0.0005301856,0.0013855682,0.0001576652,-0.0005080085,0.0019674196,9.73306596279E-05,0.0036181132,0.0064086867,0.0021250751
2015-09-11,0.0044770066,0.0044770066,0.006200714,0.0045585744,0.0037638305,0.0023017293,-0.0006906013,-0.0003099063,0.0010130212,0.0038853213,0.002063565
2015-09-14,-0.0040980415,-0.0040980415,-0.0014250414,-0.000388796,-0.0005022658,-0.0030171964,-0.0006906013,-0.0003099041,-0.0009860172,-0.0063177571,-0.0043031946
2015-09-15,0.0127496879,0.0127496879,0.0096924184,0.0134981219,0.0098461593,0.0113023501,0.0100992136,0.0133427829,0.0119800474,0.0116318837,0.0114514036
2015-09-16,0.0086677408,0.0086677408,0.0061015114,0.0092399269,0.0091140186,0.0092762541,0.0078175385,0.008111936,0.013519546,0.0100006843,0.0087782945
2015-09-17,-0.0025643447,-0.0025643447,-0.0002152692,-0.0013719355,-0.0005022658,-0.0014770925,-2.54815677181E-06,0.0001809479,-0.0009860146,0.0003091302,-0.0012547961
2015-09-18,-0.016296231,0.01,0.0043199277,0.0001509977,-0.0005022658,0.0054562362,-0.0006906014,-0.000309902,0.011557458,0.0086152935,0.0078120539
2015-09-21,0.0045553923,0.0045553923,0.0102067543,0.0066864686,-0.0005022649,0.0029821983,-0.0006906013,-0.0003099063,-0.0009860172,-0.0001856796,0.002025147
2015-09-22,-0.0123949303,0.01,0.0047987141,0.0022631574,-0.0005022658,0.0100574354,-0.0006906013,-0.000309902,-0.0009860172,0.0098256953,0.0078120548
2015-09-23,-0.002050744,-0.002050744,0.0021578597,-0.0032626912,-0.0005022658,-0.0036915913,-0.0006906014,-0.000309902,-0.0009860172,-0.0024310648,-0.0023902664
2015-09-24,-0.0033686521,-0.0033686521,-0.000730454,-0.0005535511,-0.000502264,-0.0013629328,0.000357568,-0.0003099042,-0.0009860146,-0.0075311176,-0.0029360214
2015-09-25,-0.0004659016,-0.0004659016,0.0136238644,0.0081240833,0.0001066991,0.0053078821,0.0010404887,-0.0003099063,-0.0009860172,0.0006102212,0.0032995995
2015-09-28,-0.026001211,0.01,0.0097152423,0.0048301839,-0.0005022666,0.0162995774,-0.0006906013,-0.000309902,0.0178616904,0.0197908357,0.0078120548
2015-09-29,0.0012320938,0.0012320938,0.0049813278,0.0044654259,0.0028096405,0.0038140006,0.0032896362,0.002220904,0.0007149957,0.001642948,0.0022678082
2015-09-30,0.0188958984,0.0188958984,0.0120538557,0.0151089057,0.0187125579,0.0162995867,0.0166367702,0.0180453565,0.012926938,0.0197908357,0.0170116127
2015-10-01,0.0019719387,0.0019719387,-0.0005149643,4.79575246572E-05,-0.0005022658,0.0022880081,-0.0006906013,0.00022678,-0.0009860146,0.0025956482,0.0017189658
2015-10-02,0.014213793,0.014213793,0.0068857241,0.014364996,0.0192740373,0.0126193594,0.0201643258,0.0162187405,0.0159181505,0.0148144718,0.0155863063
2015-10-05,0.0181245938,0.0181245938,0.0163954422,0.0205195043,0.017087169,0.0162995867,0.0156298615,0.0178854559,0.0119800474,0.0128943827,0.0151452068
2015-10-06,-0.0035946894,-0.0035946894,0.0009263929,-0.0001235255,-0.000502264,-0.0001050457,-0.0006906013,-0.000309902,0.0037331041,0.0023061037,-0.0049643023
2015-10-07,0.0080035198,0.0080035198,0.0098321168,0.0140808681,0.0127433054,0.0129032573,0.0142610017,0.0111934617,0.0112778246,0.0109087648,0.0112593668
2015-10-08,0.0087797803,0.0087797803,0.0122612966,0.0156204849,0.0135320891,0.011952281,0.0131618362,0.0124739362,0.0119800493,0.0106563251,0.0098743532
2015-10-09,0.0007248486,0.0007248486,0.0003340247,0.0003862707,-0.000502264,-0.0006507002,-0.0006906013,-0.0003099063,-0.0009860172,0.0010967162,-4.92595136166E-05
2015-10-12,0.0012746643,0.0012746643,0.004446324,-0.0002927347,-0.0005022658,-0.0001839865,-0.0006906013,-0.0003099042,-0.0009860159,0.0003053434,-0.000760505
2015-10-13,-0.0068488239,-0.0068488239,-0.0029418345,0.0011661556,-0.000502264,-0.0060302652,-0.0006906013,-0.0003099042,-0.0009860146,-0.0029580276,-0.0044230251
2015-10-14,-0.0047274308,-0.0047274308,0.0022676203,-0.0012913384,-0.0005022658,-0.0004578736,0.0017546725,0.0028836525,0.0119800474,-0.0033300389,-0.0051837871
2015-10-15,0.0147435513,0.0147435513,0.0110338433,0.0087718051,0.0099829771,0.0102906534,0.0061077783,0.0079305405,0.008862121,0.0066071795,0.0119459592
2015-10-16,0.0045600614,0.0045600614,0.0076674251,0.0048756008,0.0039918763,0.0046203518,0.002379782,-0.0003099042,-0.0009860172,0.0025679637,0.0034518256
2015-10-19,0.000270509,0.000270509,0.0042813318,7.93086364865E-05,0.0004067637,0.0007816777,0.0002703273,-0.0003099063,-0.0009860159,0.000546176,-0.001610104
2015-10-20,-0.0014221007,-0.0014221007,0.005314284,0.0055136369,-0.000502264,-0.0025697984,-0.0006906012,-0.0003099063,0.0001231043,-0.0031773224,-0.0022505391
2015-10-21,-0.0058424493,-0.0058424493,0.0057525234,-0.0010147812,-0.0005022658,-0.0064137038,-0.0006906013,-0.0003099063,-0.0009860146,-0.0025614761,0.0078120548
2015-10-22,0.0164908473,0.0164908473,0.0163029861,0.0145443659,0.0110369343,0.0115031395,0.0067882058,0.0029765761,0.0139585957,0.0130576286,0.0139240483
2015-10-23,0.0109699537,0.0109699537,0.0031691117,0.0062071509,0.0060886703,0.0096602542,0.0076153078,0.0060167448,0.0129792225,0.0074590147,0.0085186977
2015-10-26,-0.0019149327,-0.0019149327,0.0003867557,-0.0026427619,-0.0005022658,-0.0009394996,-0.0005313013,0.0002882416,-0.0009860172,-0.0007204209,-0.0006936165
2015-10-27,-0.0025573858,-0.0025573858,0.0057066837,0.0024859027,-0.0005022658,0.0015495745,0.0033806283,0.0004258187,-0.0009860159,-0.0034299754,-0.0008682758
2015-10-28,0.0117704884,0.0117704884,0.0026803815,0.0093163755,0.0079853479,0.0072328821,0.0072750808,0.009506382,0.0083511472,0.0078457817,0.0084642339
2015-10-29,-0.0004498756,-0.0004498756,0.0024835698,0.0023185627,0.0002678439,0.0001952462,-0.0006906013,-0.0003099042,-0.000381656,-0.0016502272,-0.0013362309
2015-10-30,-0.0048214818,-0.0048214818,0.0029348761,0.0002478203,-0.000502264,-0.0039728265,-0.0006906013,-0.0003099042,-0.0021388421,-0.0015637781,-0.0045231991
2015-11-02,0.0118038766,0.0118038766,0.0102590257,0.0105674174,0.0105967885,0.0091372766,0.0089526195,0.0080422638,0.0098900404,0.0074160509,0.009152377
2015-11-03,0.0027243528,0.0027243528,0.0011010689,0.0032732931,0.0018917774,0.0025028158,0.0030261779,0.0033217866,0.0015395298,0.003900459,0.0011677598
2015-11-04,-0.0035516667,-0.0035516667,-0.0031489693,-0.0028255926,-0.0005022658,-0.0013932362,0.0004093805,-0.000309902,0.0003935987,-0.001920579,-0.0051979078
2015-11-05,-0.0011327898,-0.0011327898,0.003077578,-0.0008187704,-0.0005022658,-0.0016674027,-0.0006906012,-0.0003099042,-0.0006533648,-0.0009905323,-0.0051160827
2015-11-06,-0.000347682,-0.000347682,-0.0005327838,-3.48910689354E-05,-0.0005022658,0.001143137,-0.0006906014,-0.0003099042,-0.0009860159,-0.0006487295,-0.0022083353
2015-11-09,-0.0098712906,-0.0098712906,-0.0029494981,0.0011761948,-0.0005022658,-0.0084460136,-0.0006906013,-0.0003099063,-0.0100714415,-0.0078364722,-0.0097384062
2015-11-10,0.0015094554,0.0015094554,0.004248037,0.0030096236,-0.0004668033,-0.0032965671,0.0037390008,0.0041596731,0.0003884442,0.0002726838,0.00207181
2015-11-11,-0.0032333075,-0.0032333075,0.0008100139,-0.002586375,-0.0005022658,-0.0030103251,-0.0006906013,-0.0003099042,-0.0009860159,0.0013419874,-0.0035376139
2015-11-12,-0.0140891632,0.01,0.0086798929,0.0039958674,-0.0005022658,0.0091560334,-0.0006906013,-0.0003099063,-0.0009860146,0.0061941138,0.0074268668
2015-11-13,-0.0112706406,0.01,-0.003822393,0.0032268576,-0.0005022658,0.0059492504,-0.0006906014,-0.0003099042,-0.0009860172,0.002550574,0.0009939699
2015-11-16,0.0147933026,0.0147933026,0.0144512309,0.0170247294,0.0135915959,0.015661044,0.0122948606,0.0117259603,0.011274172,0.0122063011,0.013502324
2015-11-17,-0.001340277,-0.001340277,-0.0014381646,-0.00271401,-0.0005022658,-0.00123154,-0.0003744125,-0.000309902,-0.0009860172,-7.43996351957E-05,-0.0001751492
2015-11-18,0.01603323,0.01603323,0.0131694833,0.0154706724,0.0140359746,0.0136966174,0.0138379689,0.0147622656,0.0119800493,0.0126857022,0.0142491721
2015-11-19,-0.0011237404,-0.0011237404,0.002880533,0.000345455,-0.0005022658,0.0020208489,-0.0002622678,-0.0003099041,-0.0009860172,0.0002167597,-0.0026851594
2015-11-20,0.0038029555,0.0038029555,0.0040002465,0.0020571172,1.15617294796E-05,-0.0006772187,0.000058235,0.0004584941,-0.0009860146,-0.0005239956,0.000373912
2015-11-23,-0.0012356238,-0.0012356238,0.0008178863,0.0014505293,0.0030936387,0.0005390551,0.002616046,0.0039250953,0.0054015601,0.0027703438,0.0014503524
2015-11-24,0.0012212501,0.0012212501,-0.0015012773,0.0022904309,0.0023137045,0.0032498902,0.0025121311,0.0042209476,0.006321643,0.0033644922,0.0039200699
2015-11-25,-0.0001291409,-0.0001291409,-0.0016616809,1.96094624698E-05,-0.0005022658,-0.0009712875,-0.0006906013,-0.0003099042,-0.0009860146,0.0017230734,0.0008335244
2015-11-27,0.0005934414,0.0005934414,0.0013608199,0.0013200734,-6.97988143656E-05,0.0007765004,-0.0001571825,-0.0003099041,-0.0009860146,0.0011963304,4.35933470726E-05
2015-11-30,-0.0046518,-0.0046518,-0.0023168316,-0.0005139471,-0.000502264,0.0001862068,-0.0006906013,-0.0003099042,0.0003021875,-0.0039573926,-0.0034775417
2015-12-01,0.0106239391,0.0106239391,0.0089703901,0.0110932831,0.0142061692,0.0127393194,0.0123479627,0.0094856657,0.009386709,0.0099581638,0.0092112338
2015-12-02,-0.0110565926,0.01,-2.95857898891E-06,-0.0035434254,-0.0005022658,0.0048593506,0.0001734262,-0.0003099042,0.0110395644,0.0087085012,0.0078120548
2015-12-03,-0.0144778266,0.01,0.0009716416,0.0028882106,-0.0005022658,0.0037434716,-0.0006906013,-0.0003099042,-0.0009860146,0.0027345121,0.0060754656
2015-12-04,0.0203178563,0.0203178563,0.0259032659,0.0161560494,0.0133598223,0.0125613939,0.0143400878,-0.0003099041,0.0014924381,0.0136976987,0.0141625162
2015-12-07,-0.0070140439,-0.0070140439,-0.0015767957,0.000234447,-0.0005022658,0.0011998191,-0.0006906014,-0.000309902,-0.0009860172,-0.0040363707,-0.0068772249
2015-12-08,-0.0065110524,-0.0065110524,-0.0033641413,-0.0028808508,-0.0005022658,-0.0052174237,-0.0006906013,-0.0003099063,-0.0009860159,-0.0070899632,-0.0049898485
2015-12-09,-0.0077690865,-0.0077690865,-0.0010324076,-0.0007527363,-0.0005022658,-0.0040136706,-0.0006906013,-0.0003099042,-0.0001213455,-0.0076083597,-0.0053648036
2015-12-10,0.0022488564,0.0022488564,0.002405708,0.0023597637,-0.0005022658,0.0004815347,-0.0006906013,-0.0003099042,0.0012514309,0.0022504535,0.0012422805
2015-12-11,-0.0196138676,0.01,0.0098401112,0.0041754739,-0.0005022658,0.012099131,-0.0006906014,-0.0003099063,0.0050392924,0.0129820257,0.0078120548
2015-12-14,0.0047442879,0.0047442879,0.0078979339,0.0037282375,0.004422599,0.0021421211,0.0005195927,-0.0003099063,-0.0009860146,0.0013423227,0.0010677595
2015-12-15,0.0105625802,0.0105625802,0.0160913374,0.0152757391,0.0128458366,0.0153440619,0.0174751952,0.0113467742,0.0119800493,0.0102427453,0.0122004049
2015-12-16,0.0144106356,0.0144106356,0.0148305176,0.0155502884,0.0195153728,0.0141749624,0.0160776284,0.0102571137,0.0119800474,0.012476244,0.012321664
2015-12-17,-0.0151547763,0.01,0.0044623297,0.0044725309,-0.0005022658,0.0114363944,-0.0006906014,-0.0003099041,-0.0009860159,0.0046744524,0.0078120548
2015-12-18,-0.0179574951,0.01,0.0100847799,0.0032537833,-0.0005022658,0.0135939252,0.0094002113,-0.0003099063,0.0082491916,-0.0032026917,0.0078120548
2015-12-21,0.0077483064,0.0077483064,0.0066426257,0.0073047392,0.0065426775,0.0069423774,0.0094487797,0.0070608556,0.0085041858,0.0085165882,0.0098980172
2015-12-22,0.0087780959,0.0087780959,0.0085022161,0.0102147274,0.008722228,0.0104575483,0.0083755925,0.0106419437,0.0078197811,0.00615995,0.01013886
2015-12-23,0.0123415964,0.0123415964,0.0066173095,0.0157536454,0.0129449014,0.0129502276,0.0148509853,0.016430499,0.0119800474,0.0170734338,0.0145392809
2015-12-24,-0.0015999155,-0.0015999155,0.0001760561,0.0015209536,-0.000502264,0.000033984,-0.0004302909,-0.0003099042,0.0002475558,0.0009334497,-0.0006235093
2015-12-28,-0.0021809363,-0.0021809363,0.004221132,-0.0022886689,-0.0005022658,-0.002377158,-0.0006906013,-0.0003099042,-0.0009860172,0.0014880616,-0.0028678253
2015-12-29,0.010573664,0.010573664,0.0095110815,0.0115918182,0.0098568527,0.008929627,0.0067357733,0.0082982322,0.0108276214,0.0079050465,0.0074781096
2015-12-30,-0.0072433988,-0.0072433988,-0.003822393,-0.0007183016,-0.0005022658,-0.0038266629,-0.0006906013,-0.0003099041,-0.0009860146,-0.0026844423,-0.0051250355
2015-12-31,-0.009456485,-0.009456485,0.0069636367,0.0013679657,-0.000502264,-0.0049631577,-0.0006906014,-0.0003099042,-0.0009860172,-0.0056306049,-0.0052265534
